    date,month,branch,district,demand,lat,long,month_period
01-01-2021,1,D10,20,953,53.350928,-6.368541,2021-01
01-01-2021,1,D10,8,301,53.34197,-6.317348,2021-01
01-01-2021,1,D10,22,816,53.317868,-6.397531,2021-01
01-01-2021,1,D10,12,299,53.321125,-6.317319,2021-01
01-01-2021,1,D10,6w,79,53.308329,-6.301888,2021-01
01-01-2021,1,D10,6,70,53.321452,-6.264349,2021-01
01-01-2021,1,D10,4,40,53.328197,-6.22809,2021-01
01-01-2021,1,D10,24,473,53.285009,-6.37192,2021-01
01-01-2021,1,D10,16,115,53.281712,-6.284927,2021-01
01-01-2021,1,D10,18,42,53.263568,-6.153265,2021-01
01-02-2021,2,D10,20,880,53.350928,-6.368541,2021-02
01-02-2021,2,D10,8,249,53.34197,-6.317348,2021-02
01-02-2021,2,D10,22,730,53.317868,-6.397531,2021-02
01-02-2021,2,D10,12,279,53.321125,-6.317319,2021-02
01-02-2021,2,D10,6w,78,53.308329,-6.301888,2021-02
01-02-2021,2,D10,6,62,53.321452,-6.264349,2021-02
01-02-2021,2,D10,4,37,53.328197,-6.22809,2021-02
01-02-2021,2,D10,24,475,53.285009,-6.37192,2021-02
01-02-2021,2,D10,16,141,53.281712,-6.284927,2021-02
01-02-2021,2,D10,18,23,53.263568,-6.153265,2021-02
01-03-2021,3,D10,20,1293,53.350928,-6.368541,2021-03
01-03-2021,3,D10,8,372,53.34197,-6.317348,2021-03
01-03-2021,3,D10,22,1013,53.317868,-6.397531,2021-03
01-03-2021,3,D10,12,399,53.321125,-6.317319,2021-03
01-03-2021,3,D10,6w,89,53.308329,-6.301888,2021-03
01-03-2021,3,D10,6,104,53.321452,-6.264349,2021-03
01-03-2021,3,D10,4,40,53.328197,-6.22809,2021-03
01-03-2021,3,D10,24,594,53.285009,-6.37192,2021-03
01-03-2021,3,D10,16,157,53.281712,-6.284927,2021-03
01-03-2021,3,D10,18,40,53.263568,-6.153265,2021-03
01-04-2021,4,D10,20,1205,53.350928,-6.368541,2021-04
01-04-2021,4,D10,8,343,53.34197,-6.317348,2021-04
01-04-2021,4,D10,22,988,53.317868,-6.397531,2021-04
01-04-2021,4,D10,12,366,53.321125,-6.317319,2021-04
01-04-2021,4,D10,6w,81,53.308329,-6.301888,2021-04
01-04-2021,4,D10,6,104,53.321452,-6.264349,2021-04
01-04-2021,4,D10,4,35,53.328197,-6.22809,2021-04
01-04-2021,4,D10,24,559,53.285009,-6.37192,2021-04
01-04-2021,4,D10,16,156,53.281712,-6.284927,2021-04
01-04-2021,4,D10,18,29,53.263568,-6.153265,2021-04
01-05-2021,5,D10,20,1321,53.350928,-6.368541,2021-05
01-05-2021,5,D10,8,393,53.34197,-6.317348,2021-05
01-05-2021,5,D10,22,1111,53.317868,-6.397531,2021-05
01-05-2021,5,D10,12,445,53.321125,-6.317319,2021-05
01-05-2021,5,D10,6w,124,53.308329,-6.301888,2021-05
01-05-2021,5,D10,6,124,53.321452,-6.264349,2021-05
01-05-2021,5,D10,4,59,53.328197,-6.22809,2021-05
01-05-2021,5,D10,24,677,53.285009,-6.37192,2021-05
01-05-2021,5,D10,16,158,53.281712,-6.284927,2021-05
01-05-2021,5,D10,18,47,53.263568,-6.153265,2021-05
01-06-2021,6,D10,20,1225,53.350928,-6.368541,2021-06
01-06-2021,6,D10,8,411,53.34197,-6.317348,2021-06
01-06-2021,6,D10,22,991,53.317868,-6.397531,2021-06
01-06-2021,6,D10,12,408,53.321125,-6.317319,2021-06
01-06-2021,6,D10,6w,106,53.308329,-6.301888,2021-06
01-06-2021,6,D10,6,90,53.321452,-6.264349,2021-06
01-06-2021,6,D10,4,40,53.328197,-6.22809,2021-06
01-06-2021,6,D10,24,573,53.285009,-6.37192,2021-06
01-06-2021,6,D10,16,181,53.281712,-6.284927,2021-06
01-06-2021,6,D10,18,33,53.263568,-6.153265,2021-06
01-07-2021,7,D10,20,1363,53.350928,-6.368541,2021-07
01-07-2021,7,D10,8,403,53.34197,-6.317348,2021-07
01-07-2021,7,D10,22,1090,53.317868,-6.397531,2021-07
01-07-2021,7,D10,12,457,53.321125,-6.317319,2021-07
01-07-2021,7,D10,6w,96,53.308329,-6.301888,2021-07
01-07-2021,7,D10,6,124,53.321452,-6.264349,2021-07
01-07-2021,7,D10,4,44,53.328197,-6.22809,2021-07
01-07-2021,7,D10,24,632,53.285009,-6.37192,2021-07
01-07-2021,7,D10,16,182,53.281712,-6.284927,2021-07
01-07-2021,7,D10,18,43,53.263568,-6.153265,2021-07
01-08-2021,8,D10,20,1263,53.350928,-6.368541,2021-08
01-08-2021,8,D10,8,373,53.34197,-6.317348,2021-08
01-08-2021,8,D10,22,1036,53.317868,-6.397531,2021-08
01-08-2021,8,D10,12,384,53.321125,-6.317319,2021-08
01-08-2021,8,D10,6w,91,53.308329,-6.301888,2021-08
01-08-2021,8,D10,6,99,53.321452,-6.264349,2021-08
01-08-2021,8,D10,4,37,53.328197,-6.22809,2021-08
01-08-2021,8,D10,24,605,53.285009,-6.37192,2021-08
01-08-2021,8,D10,16,173,53.281712,-6.284927,2021-08
01-08-2021,8,D10,18,38,53.263568,-6.153265,2021-08
01-09-2021,9,D10,20,1184,53.350928,-6.368541,2021-09
01-09-2021,9,D10,8,369,53.34197,-6.317348,2021-09
01-09-2021,9,D10,22,959,53.317868,-6.397531,2021-09
01-09-2021,9,D10,12,391,53.321125,-6.317319,2021-09
01-09-2021,9,D10,6w,101,53.308329,-6.301888,2021-09
01-09-2021,9,D10,6,78,53.321452,-6.264349,2021-09
01-09-2021,9,D10,4,48,53.328197,-6.22809,2021-09
01-09-2021,9,D10,24,617,53.285009,-6.37192,2021-09
01-09-2021,9,D10,16,157,53.281712,-6.284927,2021-09
01-09-2021,9,D10,18,45,53.263568,-6.153265,2021-09
01-10-2021,10,D10,20,1080,53.350928,-6.368541,2021-10
01-10-2021,10,D10,8,306,53.34197,-6.317348,2021-10
01-10-2021,10,D10,22,845,53.317868,-6.397531,2021-10
01-10-2021,10,D10,12,395,53.321125,-6.317319,2021-10
01-10-2021,10,D10,6w,95,53.308329,-6.301888,2021-10
01-10-2021,10,D10,6,87,53.321452,-6.264349,2021-10
01-10-2021,10,D10,4,39,53.328197,-6.22809,2021-10
01-10-2021,10,D10,24,523,53.285009,-6.37192,2021-10
01-10-2021,10,D10,16,143,53.281712,-6.284927,2021-10
01-10-2021,10,D10,18,41,53.263568,-6.153265,2021-10
01-11-2021,11,D10,20,1091,53.350928,-6.368541,2021-11
01-11-2021,11,D10,8,365,53.34197,-6.317348,2021-11
01-11-2021,11,D10,22,962,53.317868,-6.397531,2021-11
01-11-2021,11,D10,12,376,53.321125,-6.317319,2021-11
01-11-2021,11,D10,6w,108,53.308329,-6.301888,2021-11
01-11-2021,11,D10,6,89,53.321452,-6.264349,2021-11
01-11-2021,11,D10,4,32,53.328197,-6.22809,2021-11
01-11-2021,11,D10,24,546,53.285009,-6.37192,2021-11
01-11-2021,11,D10,16,169,53.281712,-6.284927,2021-11
01-11-2021,11,D10,18,42,53.263568,-6.153265,2021-11
01-12-2021,12,D10,20,1620,53.350928,-6.368541,2021-12
01-12-2021,12,D10,8,518,53.34197,-6.317348,2021-12
01-12-2021,12,D10,22,1379,53.317868,-6.397531,2021-12
01-12-2021,12,D10,12,520,53.321125,-6.317319,2021-12
01-12-2021,12,D10,6w,109,53.308329,-6.301888,2021-12
01-12-2021,12,D10,6,147,53.321452,-6.264349,2021-12
01-12-2021,12,D10,4,67,53.328197,-6.22809,2021-12
01-12-2021,12,D10,24,747,53.285009,-6.37192,2021-12
01-12-2021,12,D10,16,202,53.281712,-6.284927,2021-12
01-12-2021,12,D10,18,56,53.263568,-6.153265,2021-12
01-01-2022,1,D10,20,990,53.350928,-6.368541,2022-01
01-01-2022,1,D10,8,253,53.34197,-6.317348,2022-01
01-01-2022,1,D10,22,803,53.317868,-6.397531,2022-01
01-01-2022,1,D10,12,301,53.321125,-6.317319,2022-01
01-01-2022,1,D10,6w,67,53.308329,-6.301888,2022-01
01-01-2022,1,D10,6,64,53.321452,-6.264349,2022-01
01-01-2022,1,D10,4,42,53.328197,-6.22809,2022-01
01-01-2022,1,D10,24,468,53.285009,-6.37192,2022-01
01-01-2022,1,D10,16,113,53.281712,-6.284927,2022-01
01-01-2022,1,D10,18,23,53.263568,-6.153265,2022-01
01-02-2022,2,D10,20,1071,53.350928,-6.368541,2022-02
01-02-2022,2,D10,8,308,53.34197,-6.317348,2022-02
01-02-2022,2,D10,22,894,53.317868,-6.397531,2022-02
01-02-2022,2,D10,12,360,53.321125,-6.317319,2022-02
01-02-2022,2,D10,6w,93,53.308329,-6.301888,2022-02
01-02-2022,2,D10,6,95,53.321452,-6.264349,2022-02
01-02-2022,2,D10,4,39,53.328197,-6.22809,2022-02
01-02-2022,2,D10,24,532,53.285009,-6.37192,2022-02
01-02-2022,2,D10,16,141,53.281712,-6.284927,2022-02
01-02-2022,2,D10,18,48,53.263568,-6.153265,2022-02
01-03-2022,3,D10,20,1374,53.350928,-6.368541,2022-03
01-03-2022,3,D10,8,407,53.34197,-6.317348,2022-03
01-03-2022,3,D10,22,1121,53.317868,-6.397531,2022-03
01-03-2022,3,D10,12,456,53.321125,-6.317319,2022-03
01-03-2022,3,D10,6w,106,53.308329,-6.301888,2022-03
01-03-2022,3,D10,6,120,53.321452,-6.264349,2022-03
01-03-2022,3,D10,4,41,53.328197,-6.22809,2022-03
01-03-2022,3,D10,24,694,53.285009,-6.37192,2022-03
01-03-2022,3,D10,16,193,53.281712,-6.284927,2022-03
01-03-2022,3,D10,18,52,53.263568,-6.153265,2022-03
01-04-2022,4,D10,20,1153,53.350928,-6.368541,2022-04
01-04-2022,4,D10,8,359,53.34197,-6.317348,2022-04
01-04-2022,4,D10,22,942,53.317868,-6.397531,2022-04
01-04-2022,4,D10,12,386,53.321125,-6.317319,2022-04
01-04-2022,4,D10,6w,91,53.308329,-6.301888,2022-04
01-04-2022,4,D10,6,89,53.321452,-6.264349,2022-04
01-04-2022,4,D10,4,32,53.328197,-6.22809,2022-04
01-04-2022,4,D10,24,607,53.285009,-6.37192,2022-04
01-04-2022,4,D10,16,169,53.281712,-6.284927,2022-04
01-04-2022,4,D10,18,31,53.263568,-6.153265,2022-04
01-05-2022,5,D10,20,1238,53.350928,-6.368541,2022-05
01-05-2022,5,D10,8,387,53.34197,-6.317348,2022-05
01-05-2022,5,D10,22,1108,53.317868,-6.397531,2022-05
01-05-2022,5,D10,12,388,53.321125,-6.317319,2022-05
01-05-2022,5,D10,6w,99,53.308329,-6.301888,2022-05
01-05-2022,5,D10,6,114,53.321452,-6.264349,2022-05
01-05-2022,5,D10,4,49,53.328197,-6.22809,2022-05
01-05-2022,5,D10,24,642,53.285009,-6.37192,2022-05
01-05-2022,5,D10,16,140,53.281712,-6.284927,2022-05
01-05-2022,5,D10,18,40,53.263568,-6.153265,2022-05
01-06-2022,6,D10,20,1211,53.350928,-6.368541,2022-06
01-06-2022,6,D10,8,399,53.34197,-6.317348,2022-06
01-06-2022,6,D10,22,1075,53.317868,-6.397531,2022-06
01-06-2022,6,D10,12,415,53.321125,-6.317319,2022-06
01-06-2022,6,D10,6w,101,53.308329,-6.301888,2022-06
01-06-2022,6,D10,6,87,53.321452,-6.264349,2022-06
01-06-2022,6,D10,4,44,53.328197,-6.22809,2022-06
01-06-2022,6,D10,24,648,53.285009,-6.37192,2022-06
01-06-2022,6,D10,16,158,53.281712,-6.284927,2022-06
01-06-2022,6,D10,18,40,53.263568,-6.153265,2022-06
01-07-2022,7,D10,20,1169,53.350928,-6.368541,2022-07
01-07-2022,7,D10,8,382,53.34197,-6.317348,2022-07
01-07-2022,7,D10,22,957,53.317868,-6.397531,2022-07
01-07-2022,7,D10,12,391,53.321125,-6.317319,2022-07
01-07-2022,7,D10,6w,114,53.308329,-6.301888,2022-07
01-07-2022,7,D10,6,118,53.321452,-6.264349,2022-07
01-07-2022,7,D10,4,40,53.328197,-6.22809,2022-07
01-07-2022,7,D10,24,599,53.285009,-6.37192,2022-07
01-07-2022,7,D10,16,154,53.281712,-6.284927,2022-07
01-07-2022,7,D10,18,34,53.263568,-6.153265,2022-07
01-08-2022,8,D10,20,1124,53.350928,-6.368541,2022-08
01-08-2022,8,D10,8,333,53.34197,-6.317348,2022-08
01-08-2022,8,D10,22,987,53.317868,-6.397531,2022-08
01-08-2022,8,D10,12,388,53.321125,-6.317319,2022-08
01-08-2022,8,D10,6w,112,53.308329,-6.301888,2022-08
01-08-2022,8,D10,6,101,53.321452,-6.264349,2022-08
01-08-2022,8,D10,4,39,53.328197,-6.22809,2022-08
01-08-2022,8,D10,24,637,53.285009,-6.37192,2022-08
01-08-2022,8,D10,16,148,53.281712,-6.284927,2022-08
01-08-2022,8,D10,18,43,53.263568,-6.153265,2022-08
01-09-2022,9,D10,20,1284,53.350928,-6.368541,2022-09
01-09-2022,9,D10,8,399,53.34197,-6.317348,2022-09
01-09-2022,9,D10,22,1045,53.317868,-6.397531,2022-09
01-09-2022,9,D10,12,415,53.321125,-6.317319,2022-09
01-09-2022,9,D10,6w,95,53.308329,-6.301888,2022-09
01-09-2022,9,D10,6,113,53.321452,-6.264349,2022-09
01-09-2022,9,D10,4,43,53.328197,-6.22809,2022-09
01-09-2022,9,D10,24,668,53.285009,-6.37192,2022-09
01-09-2022,9,D10,16,151,53.281712,-6.284927,2022-09
01-09-2022,9,D10,18,50,53.263568,-6.153265,2022-09
01-10-2022,10,D10,20,1017,53.350928,-6.368541,2022-10
01-10-2022,10,D10,8,318,53.34197,-6.317348,2022-10
01-10-2022,10,D10,22,893,53.317868,-6.397531,2022-10
01-10-2022,10,D10,12,347,53.321125,-6.317319,2022-10
01-10-2022,10,D10,6w,89,53.308329,-6.301888,2022-10
01-10-2022,10,D10,6,81,53.321452,-6.264349,2022-10
01-10-2022,10,D10,4,34,53.328197,-6.22809,2022-10
01-10-2022,10,D10,24,535,53.285009,-6.37192,2022-10
01-10-2022,10,D10,16,139,53.281712,-6.284927,2022-10
01-10-2022,10,D10,18,36,53.263568,-6.153265,2022-10
01-11-2022,11,D10,20,1277,53.350928,-6.368541,2022-11
01-11-2022,11,D10,8,388,53.34197,-6.317348,2022-11
01-11-2022,11,D10,22,1066,53.317868,-6.397531,2022-11
01-11-2022,11,D10,12,433,53.321125,-6.317319,2022-11
01-11-2022,11,D10,6w,111,53.308329,-6.301888,2022-11
01-11-2022,11,D10,6,100,53.321452,-6.264349,2022-11
01-11-2022,11,D10,4,31,53.328197,-6.22809,2022-11
01-11-2022,11,D10,24,598,53.285009,-6.37192,2022-11
01-11-2022,11,D10,16,157,53.281712,-6.284927,2022-11
01-11-2022,11,D10,18,46,53.263568,-6.153265,2022-11
01-12-2022,12,D10,20,1385,53.350928,-6.368541,2022-12
01-12-2022,12,D10,8,413,53.34197,-6.317348,2022-12
01-12-2022,12,D10,22,1148,53.317868,-6.397531,2022-12
01-12-2022,12,D10,12,473,53.321125,-6.317319,2022-12
01-12-2022,12,D10,6w,108,53.308329,-6.301888,2022-12
01-12-2022,12,D10,6,116,53.321452,-6.264349,2022-12
01-12-2022,12,D10,4,46,53.328197,-6.22809,2022-12
01-12-2022,12,D10,24,646,53.285009,-6.37192,2022-12
01-12-2022,12,D10,16,186,53.281712,-6.284927,2022-12
01-12-2022,12,D10,18,50,53.263568,-6.153265,2022-12
01-01-2023,1,D10,20,973,53.350928,-6.368541,2023-01
01-01-2023,1,D10,8,295,53.34197,-6.317348,2023-01
01-01-2023,1,D10,22,743,53.317868,-6.397531,2023-01
01-01-2023,1,D10,12,343,53.321125,-6.317319,2023-01
01-01-2023,1,D10,6w,76,53.308329,-6.301888,2023-01
01-01-2023,1,D10,6,89,53.321452,-6.264349,2023-01
01-01-2023,1,D10,4,29,53.328197,-6.22809,2023-01
01-01-2023,1,D10,24,472,53.285009,-6.37192,2023-01
01-01-2023,1,D10,16,123,53.281712,-6.284927,2023-01
01-01-2023,1,D10,18,30,53.263568,-6.153265,2023-01
01-02-2023,2,D10,20,1079,53.350928,-6.368541,2023-02
01-02-2023,2,D10,8,317,53.34197,-6.317348,2023-02
01-02-2023,2,D10,22,863,53.317868,-6.397531,2023-02
01-02-2023,2,D10,12,351,53.321125,-6.317319,2023-02
01-02-2023,2,D10,6w,86,53.308329,-6.301888,2023-02
01-02-2023,2,D10,6,94,53.321452,-6.264349,2023-02
01-02-2023,2,D10,4,30,53.328197,-6.22809,2023-02
01-02-2023,2,D10,24,532,53.285009,-6.37192,2023-02
01-02-2023,2,D10,16,144,53.281712,-6.284927,2023-02
01-02-2023,2,D10,18,36,53.263568,-6.153265,2023-02
01-03-2023,3,D10,20,1215,53.350928,-6.368541,2023-03
01-03-2023,3,D10,8,405,53.34197,-6.317348,2023-03
01-03-2023,3,D10,22,1008,53.317868,-6.397531,2023-03
01-03-2023,3,D10,12,392,53.321125,-6.317319,2023-03
01-03-2023,3,D10,6w,105,53.308329,-6.301888,2023-03
01-03-2023,3,D10,6,101,53.321452,-6.264349,2023-03
01-03-2023,3,D10,4,56,53.328197,-6.22809,2023-03
01-03-2023,3,D10,24,619,53.285009,-6.37192,2023-03
01-03-2023,3,D10,16,171,53.281712,-6.284927,2023-03
01-03-2023,3,D10,18,45,53.263568,-6.153265,2023-03
01-04-2023,4,D10,20,1070,53.350928,-6.368541,2023-04
01-04-2023,4,D10,8,335,53.34197,-6.317348,2023-04
01-04-2023,4,D10,22,979,53.317868,-6.397531,2023-04
01-04-2023,4,D10,12,368,53.321125,-6.317319,2023-04
01-04-2023,4,D10,6w,86,53.308329,-6.301888,2023-04
01-04-2023,4,D10,6,79,53.321452,-6.264349,2023-04
01-04-2023,4,D10,4,37,53.328197,-6.22809,2023-04
01-04-2023,4,D10,24,592,53.285009,-6.37192,2023-04
01-04-2023,4,D10,16,147,53.281712,-6.284927,2023-04
01-04-2023,4,D10,18,39,53.263568,-6.153265,2023-04
01-05-2023,5,D10,20,1261,53.350928,-6.368541,2023-05
01-05-2023,5,D10,8,396,53.34197,-6.317348,2023-05
01-05-2023,5,D10,22,1026,53.317868,-6.397531,2023-05
01-05-2023,5,D10,12,407,53.321125,-6.317319,2023-05
01-05-2023,5,D10,6w,113,53.308329,-6.301888,2023-05
01-05-2023,5,D10,6,105,53.321452,-6.264349,2023-05
01-05-2023,5,D10,4,37,53.328197,-6.22809,2023-05
01-05-2023,5,D10,24,618,53.285009,-6.37192,2023-05
01-05-2023,5,D10,16,160,53.281712,-6.284927,2023-05
01-05-2023,5,D10,18,30,53.263568,-6.153265,2023-05
01-06-2023,6,D10,20,1290,53.350928,-6.368541,2023-06
01-06-2023,6,D10,8,420,53.34197,-6.317348,2023-06
01-06-2023,6,D10,22,1088,53.317868,-6.397531,2023-06
01-06-2023,6,D10,12,459,53.321125,-6.317319,2023-06
01-06-2023,6,D10,6w,98,53.308329,-6.301888,2023-06
01-06-2023,6,D10,6,98,53.321452,-6.264349,2023-06
01-06-2023,6,D10,4,52,53.328197,-6.22809,2023-06
01-06-2023,6,D10,24,673,53.285009,-6.37192,2023-06
01-06-2023,6,D10,16,169,53.281712,-6.284927,2023-06
01-06-2023,6,D10,18,61,53.263568,-6.153265,2023-06
01-07-2023,7,D10,20,1310,53.350928,-6.368541,2023-07
01-07-2023,7,D10,8,385,53.34197,-6.317348,2023-07
01-07-2023,7,D10,22,1075,53.317868,-6.397531,2023-07
01-07-2023,7,D10,12,402,53.321125,-6.317319,2023-07
01-07-2023,7,D10,6w,111,53.308329,-6.301888,2023-07
01-07-2023,7,D10,6,104,53.321452,-6.264349,2023-07
01-07-2023,7,D10,4,39,53.328197,-6.22809,2023-07
01-07-2023,7,D10,24,620,53.285009,-6.37192,2023-07
01-07-2023,7,D10,16,170,53.281712,-6.284927,2023-07
01-07-2023,7,D10,18,47,53.263568,-6.153265,2023-07
01-08-2023,8,D10,20,1326,53.350928,-6.368541,2023-08
01-08-2023,8,D10,8,390,53.34197,-6.317348,2023-08
01-08-2023,8,D10,22,1099,53.317868,-6.397531,2023-08
01-08-2023,8,D10,12,453,53.321125,-6.317319,2023-08
01-08-2023,8,D10,6w,107,53.308329,-6.301888,2023-08
01-08-2023,8,D10,6,110,53.321452,-6.264349,2023-08
01-08-2023,8,D10,4,48,53.328197,-6.22809,2023-08
01-08-2023,8,D10,24,624,53.285009,-6.37192,2023-08
01-08-2023,8,D10,16,169,53.281712,-6.284927,2023-08
01-08-2023,8,D10,18,47,53.263568,-6.153265,2023-08
01-09-2023,9,D10,20,1134,53.350928,-6.368541,2023-09
01-09-2023,9,D10,8,349,53.34197,-6.317348,2023-09
01-09-2023,9,D10,22,889,53.317868,-6.397531,2023-09
01-09-2023,9,D10,12,353,53.321125,-6.317319,2023-09
01-09-2023,9,D10,6w,92,53.308329,-6.301888,2023-09
01-09-2023,9,D10,6,94,53.321452,-6.264349,2023-09
01-09-2023,9,D10,4,31,53.328197,-6.22809,2023-09
01-09-2023,9,D10,24,552,53.285009,-6.37192,2023-09
01-09-2023,9,D10,16,140,53.281712,-6.284927,2023-09
01-09-2023,9,D10,18,30,53.263568,-6.153265,2023-09
01-10-2023,10,D10,20,1100,53.350928,-6.368541,2023-10
01-10-2023,10,D10,8,335,53.34197,-6.317348,2023-10
01-10-2023,10,D10,22,903,53.317868,-6.397531,2023-10
01-10-2023,10,D10,12,353,53.321125,-6.317319,2023-10
01-10-2023,10,D10,6w,77,53.308329,-6.301888,2023-10
01-10-2023,10,D10,6,114,53.321452,-6.264349,2023-10
01-10-2023,10,D10,4,42,53.328197,-6.22809,2023-10
01-10-2023,10,D10,24,576,53.285009,-6.37192,2023-10
01-10-2023,10,D10,16,164,53.281712,-6.284927,2023-10
01-10-2023,10,D10,18,46,53.263568,-6.153265,2023-10
01-11-2023,11,D10,20,1237,53.350928,-6.368541,2023-11
01-11-2023,11,D10,8,330,53.34197,-6.317348,2023-11
01-11-2023,11,D10,22,1023,53.317868,-6.397531,2023-11
01-11-2023,11,D10,12,401,53.321125,-6.317319,2023-11
01-11-2023,11,D10,6w,94,53.308329,-6.301888,2023-11
01-11-2023,11,D10,6,101,53.321452,-6.264349,2023-11
01-11-2023,11,D10,4,41,53.328197,-6.22809,2023-11
01-11-2023,11,D10,24,630,53.285009,-6.37192,2023-11
01-11-2023,11,D10,16,167,53.281712,-6.284927,2023-11
01-11-2023,11,D10,18,42,53.263568,-6.153265,2023-11
01-12-2023,12,D10,20,1498,53.350928,-6.368541,2023-12
01-12-2023,12,D10,8,442,53.34197,-6.317348,2023-12
01-12-2023,12,D10,22,1209,53.317868,-6.397531,2023-12
01-12-2023,12,D10,12,454,53.321125,-6.317319,2023-12
01-12-2023,12,D10,6w,129,53.308329,-6.301888,2023-12
01-12-2023,12,D10,6,119,53.321452,-6.264349,2023-12
01-12-2023,12,D10,4,51,53.328197,-6.22809,2023-12
01-12-2023,12,D10,24,721,53.285009,-6.37192,2023-12
01-12-2023,12,D10,16,168,53.281712,-6.284927,2023-12
01-12-2023,12,D10,18,58,53.263568,-6.153265,2023-12
01-01-2024,1,D10,20,983,53.350928,-6.368541,2024-01
01-01-2024,1,D10,8,288,53.34197,-6.317348,2024-01
01-01-2024,1,D10,22,837,53.317868,-6.397531,2024-01
01-01-2024,1,D10,12,318,53.321125,-6.317319,2024-01
01-01-2024,1,D10,6w,89,53.308329,-6.301888,2024-01
01-01-2024,1,D10,6,64,53.321452,-6.264349,2024-01
01-01-2024,1,D10,4,38,53.328197,-6.22809,2024-01
01-01-2024,1,D10,24,509,53.285009,-6.37192,2024-01
01-01-2024,1,D10,16,128,53.281712,-6.284927,2024-01
01-01-2024,1,D10,18,35,53.263568,-6.153265,2024-01
01-02-2024,2,D10,20,1090,53.350928,-6.368541,2024-02
01-02-2024,2,D10,8,305,53.34197,-6.317348,2024-02
01-02-2024,2,D10,22,789,53.317868,-6.397531,2024-02
01-02-2024,2,D10,12,349,53.321125,-6.317319,2024-02
01-02-2024,2,D10,6w,89,53.308329,-6.301888,2024-02
01-02-2024,2,D10,6,89,53.321452,-6.264349,2024-02
01-02-2024,2,D10,4,31,53.328197,-6.22809,2024-02
01-02-2024,2,D10,24,487,53.285009,-6.37192,2024-02
01-02-2024,2,D10,16,141,53.281712,-6.284927,2024-02
01-02-2024,2,D10,18,36,53.263568,-6.153265,2024-02
01-03-2024,3,D10,20,1147,53.350928,-6.368541,2024-03
01-03-2024,3,D10,8,327,53.34197,-6.317348,2024-03
01-03-2024,3,D10,22,979,53.317868,-6.397531,2024-03
01-03-2024,3,D10,12,371,53.321125,-6.317319,2024-03
01-03-2024,3,D10,6w,87,53.308329,-6.301888,2024-03
01-03-2024,3,D10,6,98,53.321452,-6.264349,2024-03
01-03-2024,3,D10,4,35,53.328197,-6.22809,2024-03
01-03-2024,3,D10,24,548,53.285009,-6.37192,2024-03
01-03-2024,3,D10,16,158,53.281712,-6.284927,2024-03
01-03-2024,3,D10,18,34,53.263568,-6.153265,2024-03
01-04-2024,4,D10,20,1230,53.350928,-6.368541,2024-04
01-04-2024,4,D10,8,383,53.34197,-6.317348,2024-04
01-04-2024,4,D10,22,1023,53.317868,-6.397531,2024-04
01-04-2024,4,D10,12,411,53.321125,-6.317319,2024-04
01-04-2024,4,D10,6w,79,53.308329,-6.301888,2024-04
01-04-2024,4,D10,6,109,53.321452,-6.264349,2024-04
01-04-2024,4,D10,4,50,53.328197,-6.22809,2024-04
01-04-2024,4,D10,24,633,53.285009,-6.37192,2024-04
01-04-2024,4,D10,16,161,53.281712,-6.284927,2024-04
01-04-2024,4,D10,18,44,53.263568,-6.153265,2024-04
01-05-2024,5,D10,20,1220,53.350928,-6.368541,2024-05
01-05-2024,5,D10,8,357,53.34197,-6.317348,2024-05
01-05-2024,5,D10,22,999,53.317868,-6.397531,2024-05
01-05-2024,5,D10,12,404,53.321125,-6.317319,2024-05
01-05-2024,5,D10,6w,115,53.308329,-6.301888,2024-05
01-05-2024,5,D10,6,111,53.321452,-6.264349,2024-05
01-05-2024,5,D10,4,48,53.328197,-6.22809,2024-05
01-05-2024,5,D10,24,630,53.285009,-6.37192,2024-05
01-05-2024,5,D10,16,160,53.281712,-6.284927,2024-05
01-05-2024,5,D10,18,46,53.263568,-6.153265,2024-05
01-06-2024,6,D10,20,1388,53.350928,-6.368541,2024-06
01-06-2024,6,D10,8,413,53.34197,-6.317348,2024-06
01-06-2024,6,D10,22,1121,53.317868,-6.397531,2024-06
01-06-2024,6,D10,12,454,53.321125,-6.317319,2024-06
01-06-2024,6,D10,6w,124,53.308329,-6.301888,2024-06
01-06-2024,6,D10,6,117,53.321452,-6.264349,2024-06
01-06-2024,6,D10,4,44,53.328197,-6.22809,2024-06
01-06-2024,6,D10,24,673,53.285009,-6.37192,2024-06
01-06-2024,6,D10,16,182,53.281712,-6.284927,2024-06
01-06-2024,6,D10,18,43,53.263568,-6.153265,2024-06
01-07-2024,7,D10,20,1233,53.350928,-6.368541,2024-07
01-07-2024,7,D10,8,412,53.34197,-6.317348,2024-07
01-07-2024,7,D10,22,996,53.317868,-6.397531,2024-07
01-07-2024,7,D10,12,408,53.321125,-6.317319,2024-07
01-07-2024,7,D10,6w,100,53.308329,-6.301888,2024-07
01-07-2024,7,D10,6,107,53.321452,-6.264349,2024-07
01-07-2024,7,D10,4,35,53.328197,-6.22809,2024-07
01-07-2024,7,D10,24,624,53.285009,-6.37192,2024-07
01-07-2024,7,D10,16,166,53.281712,-6.284927,2024-07
01-07-2024,7,D10,18,44,53.263568,-6.153265,2024-07
01-08-2024,8,D10,20,1276,53.350928,-6.368541,2024-08
01-08-2024,8,D10,8,396,53.34197,-6.317348,2024-08
01-08-2024,8,D10,22,1066,53.317868,-6.397531,2024-08
01-08-2024,8,D10,12,443,53.321125,-6.317319,2024-08
01-08-2024,8,D10,6w,92,53.308329,-6.301888,2024-08
01-08-2024,8,D10,6,99,53.321452,-6.264349,2024-08
01-08-2024,8,D10,4,46,53.328197,-6.22809,2024-08
01-08-2024,8,D10,24,578,53.285009,-6.37192,2024-08
01-08-2024,8,D10,16,160,53.281712,-6.284927,2024-08
01-08-2024,8,D10,18,37,53.263568,-6.153265,2024-08
01-09-2024,9,D10,20,1153,53.350928,-6.368541,2024-09
01-09-2024,9,D10,8,331,53.34197,-6.317348,2024-09
01-09-2024,9,D10,22,986,53.317868,-6.397531,2024-09
01-09-2024,9,D10,12,379,53.321125,-6.317319,2024-09
01-09-2024,9,D10,6w,101,53.308329,-6.301888,2024-09
01-09-2024,9,D10,6,119,53.321452,-6.264349,2024-09
01-09-2024,9,D10,4,37,53.328197,-6.22809,2024-09
01-09-2024,9,D10,24,581,53.285009,-6.37192,2024-09
01-09-2024,9,D10,16,143,53.281712,-6.284927,2024-09
01-09-2024,9,D10,18,36,53.263568,-6.153265,2024-09
01-10-2024,10,D10,20,1235,53.350928,-6.368541,2024-10
01-10-2024,10,D10,8,359,53.34197,-6.317348,2024-10
01-10-2024,10,D10,22,985,53.317868,-6.397531,2024-10
01-10-2024,10,D10,12,406,53.321125,-6.317319,2024-10
01-10-2024,10,D10,6w,101,53.308329,-6.301888,2024-10
01-10-2024,10,D10,6,106,53.321452,-6.264349,2024-10
01-10-2024,10,D10,4,35,53.328197,-6.22809,2024-10
01-10-2024,10,D10,24,595,53.285009,-6.37192,2024-10
01-10-2024,10,D10,16,134,53.281712,-6.284927,2024-10
01-10-2024,10,D10,18,47,53.263568,-6.153265,2024-10
01-11-2024,11,D10,20,1124,53.350928,-6.368541,2024-11
01-11-2024,11,D10,8,328,53.34197,-6.317348,2024-11
01-11-2024,11,D10,22,938,53.317868,-6.397531,2024-11
01-11-2024,11,D10,12,379,53.321125,-6.317319,2024-11
01-11-2024,11,D10,6w,98,53.308329,-6.301888,2024-11
01-11-2024,11,D10,6,97,53.321452,-6.264349,2024-11
01-11-2024,11,D10,4,43,53.328197,-6.22809,2024-11
01-11-2024,11,D10,24,604,53.285009,-6.37192,2024-11
01-11-2024,11,D10,16,139,53.281712,-6.284927,2024-11
01-11-2024,11,D10,18,43,53.263568,-6.153265,2024-11
01-12-2024,12,D10,20,1434,53.350928,-6.368541,2024-12
01-12-2024,12,D10,8,461,53.34197,-6.317348,2024-12
01-12-2024,12,D10,22,1173,53.317868,-6.397531,2024-12
01-12-2024,12,D10,12,498,53.321125,-6.317319,2024-12
01-12-2024,12,D10,6w,116,53.308329,-6.301888,2024-12
01-12-2024,12,D10,6,117,53.321452,-6.264349,2024-12
01-12-2024,12,D10,4,37,53.328197,-6.22809,2024-12
01-12-2024,12,D10,24,757,53.285009,-6.37192,2024-12
01-12-2024,12,D10,16,182,53.281712,-6.284927,2024-12
01-12-2024,12,D10,18,35,53.263568,-6.153265,2024-12
01-01-2025,1,D10,20,999,53.350928,-6.368541,2025-01
01-01-2025,1,D10,8,309,53.34197,-6.317348,2025-01
01-01-2025,1,D10,22,832,53.317868,-6.397531,2025-01
01-01-2025,1,D10,12,346,53.321125,-6.317319,2025-01
01-01-2025,1,D10,6w,80,53.308329,-6.301888,2025-01
01-01-2025,1,D10,6,79,53.321452,-6.264349,2025-01
01-01-2025,1,D10,4,34,53.328197,-6.22809,2025-01
01-01-2025,1,D10,24,485,53.285009,-6.37192,2025-01
01-01-2025,1,D10,16,134,53.281712,-6.284927,2025-01
01-01-2025,1,D10,18,46,53.263568,-6.153265,2025-01
01-02-2025,2,D10,20,970,53.350928,-6.368541,2025-02
01-02-2025,2,D10,8,264,53.34197,-6.317348,2025-02
01-02-2025,2,D10,22,772,53.317868,-6.397531,2025-02
01-02-2025,2,D10,12,320,53.321125,-6.317319,2025-02
01-02-2025,2,D10,6w,77,53.308329,-6.301888,2025-02
01-02-2025,2,D10,6,88,53.321452,-6.264349,2025-02
01-02-2025,2,D10,4,41,53.328197,-6.22809,2025-02
01-02-2025,2,D10,24,487,53.285009,-6.37192,2025-02
01-02-2025,2,D10,16,115,53.281712,-6.284927,2025-02
01-02-2025,2,D10,18,29,53.263568,-6.153265,2025-02
01-03-2025,3,D10,20,1194,53.350928,-6.368541,2025-03
01-03-2025,3,D10,8,378,53.34197,-6.317348,2025-03
01-03-2025,3,D10,22,1019,53.317868,-6.397531,2025-03
01-03-2025,3,D10,12,398,53.321125,-6.317319,2025-03
01-03-2025,3,D10,6w,91,53.308329,-6.301888,2025-03
01-03-2025,3,D10,6,116,53.321452,-6.264349,2025-03
01-03-2025,3,D10,4,39,53.328197,-6.22809,2025-03
01-03-2025,3,D10,24,626,53.285009,-6.37192,2025-03
01-03-2025,3,D10,16,181,53.281712,-6.284927,2025-03
01-03-2025,3,D10,18,42,53.263568,-6.153265,2025-03
01-04-2025,4,D10,20,917,53.350928,-6.368541,2025-04
01-04-2025,4,D10,8,285,53.34197,-6.317348,2025-04
01-04-2025,4,D10,22,779,53.317868,-6.397531,2025-04
01-04-2025,4,D10,12,309,53.321125,-6.317319,2025-04
01-04-2025,4,D10,6w,85,53.308329,-6.301888,2025-04
01-04-2025,4,D10,6,77,53.321452,-6.264349,2025-04
01-04-2025,4,D10,4,24,53.328197,-6.22809,2025-04
01-04-2025,4,D10,24,471,53.285009,-6.37192,2025-04
01-04-2025,4,D10,16,124,53.281712,-6.284927,2025-04
01-04-2025,4,D10,18,32,53.263568,-6.153265,2025-04
01-05-2025,5,D10,20,941,53.350928,-6.368541,2025-05
01-05-2025,5,D10,8,292,53.34197,-6.317348,2025-05
01-05-2025,5,D10,22,740,53.317868,-6.397531,2025-05
01-05-2025,5,D10,12,334,53.321125,-6.317319,2025-05
01-05-2025,5,D10,6w,72,53.308329,-6.301888,2025-05
01-05-2025,5,D10,6,84,53.321452,-6.264349,2025-05
01-05-2025,5,D10,4,36,53.328197,-6.22809,2025-05
01-05-2025,5,D10,24,501,53.285009,-6.37192,2025-05
01-05-2025,5,D10,16,118,53.281712,-6.284927,2025-05
01-05-2025,5,D10,18,27,53.263568,-6.153265,2025-05
01-06-2025,6,D10,20,852,53.350928,-6.368541,2025-06
01-06-2025,6,D10,8,264,53.34197,-6.317348,2025-06
01-06-2025,6,D10,22,704,53.317868,-6.397531,2025-06
01-06-2025,6,D10,12,249,53.321125,-6.317319,2025-06
01-06-2025,6,D10,6w,56,53.308329,-6.301888,2025-06
01-06-2025,6,D10,6,73,53.321452,-6.264349,2025-06
01-06-2025,6,D10,4,24,53.328197,-6.22809,2025-06
01-06-2025,6,D10,24,436,53.285009,-6.37192,2025-06
01-06-2025,6,D10,16,113,53.281712,-6.284927,2025-06
01-06-2025,6,D10,18,29,53.263568,-6.153265,2025-06
01-07-2025,7,D10,20,807,53.350928,-6.368541,2025-07
01-07-2025,7,D10,8,241,53.34197,-6.317348,2025-07
01-07-2025,7,D10,22,698,53.317868,-6.397531,2025-07
01-07-2025,7,D10,12,286,53.321125,-6.317319,2025-07
01-07-2025,7,D10,6w,65,53.308329,-6.301888,2025-07
01-07-2025,7,D10,6,67,53.321452,-6.264349,2025-07
01-07-2025,7,D10,4,30,53.328197,-6.22809,2025-07
01-07-2025,7,D10,24,391,53.285009,-6.37192,2025-07
01-07-2025,7,D10,16,121,53.281712,-6.284927,2025-07
01-07-2025,7,D10,18,31,53.263568,-6.153265,2025-07
01-08-2025,8,D10,20,686,53.350928,-6.368541,2025-08
01-08-2025,8,D10,8,223,53.34197,-6.317348,2025-08
01-08-2025,8,D10,22,572,53.317868,-6.397531,2025-08
01-08-2025,8,D10,12,228,53.321125,-6.317319,2025-08
01-08-2025,8,D10,6w,66,53.308329,-6.301888,2025-08
01-08-2025,8,D10,6,66,53.321452,-6.264349,2025-08
01-08-2025,8,D10,4,27,53.328197,-6.22809,2025-08
01-08-2025,8,D10,24,382,53.285009,-6.37192,2025-08
01-08-2025,8,D10,16,116,53.281712,-6.284927,2025-08
01-08-2025,8,D10,18,17,53.263568,-6.153265,2025-08
01-09-2025,9,D10,20,654,53.350928,-6.368541,2025-09
01-09-2025,9,D10,8,171,53.34197,-6.317348,2025-09
01-09-2025,9,D10,22,507,53.317868,-6.397531,2025-09
01-09-2025,9,D10,12,182,53.321125,-6.317319,2025-09
01-09-2025,9,D10,6w,56,53.308329,-6.301888,2025-09
01-09-2025,9,D10,6,43,53.321452,-6.264349,2025-09
01-09-2025,9,D10,4,33,53.328197,-6.22809,2025-09
01-09-2025,9,D10,24,336,53.285009,-6.37192,2025-09
01-09-2025,9,D10,16,94,53.281712,-6.284927,2025-09
01-09-2025,9,D10,18,21,53.263568,-6.153265,2025-09
01-01-2021,1,D14,20,34,53.350928,-6.368541,2021-01
01-01-2021,1,D14,8,132,53.34197,-6.317348,2021-01
01-01-2021,1,D14,22,95,53.317868,-6.397531,2021-01
01-01-2021,1,D14,12,147,53.321125,-6.317319,2021-01
01-01-2021,1,D14,6w,237,53.308329,-6.301888,2021-01
01-01-2021,1,D14,6,169,53.321452,-6.264349,2021-01
01-01-2021,1,D14,4,179,53.328197,-6.22809,2021-01
01-01-2021,1,D14,24,469,53.285009,-6.37192,2021-01
01-01-2021,1,D14,16,821,53.281712,-6.284927,2021-01
01-01-2021,1,D14,18,952,53.263568,-6.153265,2021-01
01-02-2021,2,D14,20,38,53.350928,-6.368541,2021-02
01-02-2021,2,D14,8,138,53.34197,-6.317348,2021-02
01-02-2021,2,D14,22,114,53.317868,-6.397531,2021-02
01-02-2021,2,D14,12,144,53.321125,-6.317319,2021-02
01-02-2021,2,D14,6w,298,53.308329,-6.301888,2021-02
01-02-2021,2,D14,6,164,53.321452,-6.264349,2021-02
01-02-2021,2,D14,4,188,53.328197,-6.22809,2021-02
01-02-2021,2,D14,24,548,53.285009,-6.37192,2021-02
01-02-2021,2,D14,16,930,53.281712,-6.284927,2021-02
01-02-2021,2,D14,18,1146,53.263568,-6.153265,2021-02
01-03-2021,3,D14,20,54,53.350928,-6.368541,2021-03
01-03-2021,3,D14,8,174,53.34197,-6.317348,2021-03
01-03-2021,3,D14,22,129,53.317868,-6.397531,2021-03
01-03-2021,3,D14,12,195,53.321125,-6.317319,2021-03
01-03-2021,3,D14,6w,369,53.308329,-6.301888,2021-03
01-03-2021,3,D14,6,258,53.321452,-6.264349,2021-03
01-03-2021,3,D14,4,258,53.328197,-6.22809,2021-03
01-03-2021,3,D14,24,741,53.285009,-6.37192,2021-03
01-03-2021,3,D14,16,1198,53.281712,-6.284927,2021-03
01-03-2021,3,D14,18,1465,53.263568,-6.153265,2021-03
01-04-2021,4,D14,20,43,53.350928,-6.368541,2021-04
01-04-2021,4,D14,8,192,53.34197,-6.317348,2021-04
01-04-2021,4,D14,22,135,53.317868,-6.397531,2021-04
01-04-2021,4,D14,12,160,53.321125,-6.317319,2021-04
01-04-2021,4,D14,6w,352,53.308329,-6.301888,2021-04
01-04-2021,4,D14,6,204,53.321452,-6.264349,2021-04
01-04-2021,4,D14,4,228,53.328197,-6.22809,2021-04
01-04-2021,4,D14,24,692,53.285009,-6.37192,2021-04
01-04-2021,4,D14,16,1125,53.281712,-6.284927,2021-04
01-04-2021,4,D14,18,1301,53.263568,-6.153265,2021-04
01-05-2021,5,D14,20,41,53.350928,-6.368541,2021-05
01-05-2021,5,D14,8,181,53.34197,-6.317348,2021-05
01-05-2021,5,D14,22,134,53.317868,-6.397531,2021-05
01-05-2021,5,D14,12,217,53.321125,-6.317319,2021-05
01-05-2021,5,D14,6w,426,53.308329,-6.301888,2021-05
01-05-2021,5,D14,6,223,53.321452,-6.264349,2021-05
01-05-2021,5,D14,4,252,53.328197,-6.22809,2021-05
01-05-2021,5,D14,24,675,53.285009,-6.37192,2021-05
01-05-2021,5,D14,16,1260,53.281712,-6.284927,2021-05
01-05-2021,5,D14,18,1456,53.263568,-6.153265,2021-05
01-06-2021,6,D14,20,51,53.350928,-6.368541,2021-06
01-06-2021,6,D14,8,212,53.34197,-6.317348,2021-06
01-06-2021,6,D14,22,144,53.317868,-6.397531,2021-06
01-06-2021,6,D14,12,218,53.321125,-6.317319,2021-06
01-06-2021,6,D14,6w,395,53.308329,-6.301888,2021-06
01-06-2021,6,D14,6,219,53.321452,-6.264349,2021-06
01-06-2021,6,D14,4,263,53.328197,-6.22809,2021-06
01-06-2021,6,D14,24,777,53.285009,-6.37192,2021-06
01-06-2021,6,D14,16,1321,53.281712,-6.284927,2021-06
01-06-2021,6,D14,18,1549,53.263568,-6.153265,2021-06
01-07-2021,7,D14,20,55,53.350928,-6.368541,2021-07
01-07-2021,7,D14,8,153,53.34197,-6.317348,2021-07
01-07-2021,7,D14,22,132,53.317868,-6.397531,2021-07
01-07-2021,7,D14,12,194,53.321125,-6.317319,2021-07
01-07-2021,7,D14,6w,365,53.308329,-6.301888,2021-07
01-07-2021,7,D14,6,217,53.321452,-6.264349,2021-07
01-07-2021,7,D14,4,207,53.328197,-6.22809,2021-07
01-07-2021,7,D14,24,704,53.285009,-6.37192,2021-07
01-07-2021,7,D14,16,1094,53.281712,-6.284927,2021-07
01-07-2021,7,D14,18,1325,53.263568,-6.153265,2021-07
01-08-2021,8,D14,20,34,53.350928,-6.368541,2021-08
01-08-2021,8,D14,8,162,53.34197,-6.317348,2021-08
01-08-2021,8,D14,22,143,53.317868,-6.397531,2021-08
01-08-2021,8,D14,12,158,53.321125,-6.317319,2021-08
01-08-2021,8,D14,6w,311,53.308329,-6.301888,2021-08
01-08-2021,8,D14,6,199,53.321452,-6.264349,2021-08
01-08-2021,8,D14,4,190,53.328197,-6.22809,2021-08
01-08-2021,8,D14,24,574,53.285009,-6.37192,2021-08
01-08-2021,8,D14,16,963,53.281712,-6.284927,2021-08
01-08-2021,8,D14,18,1183,53.263568,-6.153265,2021-08
01-09-2021,9,D14,20,37,53.350928,-6.368541,2021-09
01-09-2021,9,D14,8,148,53.34197,-6.317348,2021-09
01-09-2021,9,D14,22,128,53.317868,-6.397531,2021-09
01-09-2021,9,D14,12,175,53.321125,-6.317319,2021-09
01-09-2021,9,D14,6w,308,53.308329,-6.301888,2021-09
01-09-2021,9,D14,6,219,53.321452,-6.264349,2021-09
01-09-2021,9,D14,4,206,53.328197,-6.22809,2021-09
01-09-2021,9,D14,24,676,53.285009,-6.37192,2021-09
01-09-2021,9,D14,16,1037,53.281712,-6.284927,2021-09
01-09-2021,9,D14,18,1204,53.263568,-6.153265,2021-09
01-10-2021,10,D14,20,48,53.350928,-6.368541,2021-10
01-10-2021,10,D14,8,151,53.34197,-6.317348,2021-10
01-10-2021,10,D14,22,126,53.317868,-6.397531,2021-10
01-10-2021,10,D14,12,170,53.321125,-6.317319,2021-10
01-10-2021,10,D14,6w,312,53.308329,-6.301888,2021-10
01-10-2021,10,D14,6,207,53.321452,-6.264349,2021-10
01-10-2021,10,D14,4,216,53.328197,-6.22809,2021-10
01-10-2021,10,D14,24,623,53.285009,-6.37192,2021-10
01-10-2021,10,D14,16,1045,53.281712,-6.284927,2021-10
01-10-2021,10,D14,18,1235,53.263568,-6.153265,2021-10
01-11-2021,11,D14,20,55,53.350928,-6.368541,2021-11
01-11-2021,11,D14,8,168,53.34197,-6.317348,2021-11
01-11-2021,11,D14,22,123,53.317868,-6.397531,2021-11
01-11-2021,11,D14,12,160,53.321125,-6.317319,2021-11
01-11-2021,11,D14,6w,353,53.308329,-6.301888,2021-11
01-11-2021,11,D14,6,220,53.321452,-6.264349,2021-11
01-11-2021,11,D14,4,201,53.328197,-6.22809,2021-11
01-11-2021,11,D14,24,676,53.285009,-6.37192,2021-11
01-11-2021,11,D14,16,1078,53.281712,-6.284927,2021-11
01-11-2021,11,D14,18,1313,53.263568,-6.153265,2021-11
01-12-2021,12,D14,20,51,53.350928,-6.368541,2021-12
01-12-2021,12,D14,8,209,53.34197,-6.317348,2021-12
01-12-2021,12,D14,22,161,53.317868,-6.397531,2021-12
01-12-2021,12,D14,12,225,53.321125,-6.317319,2021-12
01-12-2021,12,D14,6w,482,53.308329,-6.301888,2021-12
01-12-2021,12,D14,6,307,53.321452,-6.264349,2021-12
01-12-2021,12,D14,4,298,53.328197,-6.22809,2021-12
01-12-2021,12,D14,24,870,53.285009,-6.37192,2021-12
01-12-2021,12,D14,16,1375,53.281712,-6.284927,2021-12
01-12-2021,12,D14,18,1705,53.263568,-6.153265,2021-12
01-01-2022,1,D14,20,35,53.350928,-6.368541,2022-01
01-01-2022,1,D14,8,124,53.34197,-6.317348,2022-01
01-01-2022,1,D14,22,119,53.317868,-6.397531,2022-01
01-01-2022,1,D14,12,140,53.321125,-6.317319,2022-01
01-01-2022,1,D14,6w,279,53.308329,-6.301888,2022-01
01-01-2022,1,D14,6,176,53.321452,-6.264349,2022-01
01-01-2022,1,D14,4,172,53.328197,-6.22809,2022-01
01-01-2022,1,D14,24,522,53.285009,-6.37192,2022-01
01-01-2022,1,D14,16,939,53.281712,-6.284927,2022-01
01-01-2022,1,D14,18,992,53.263568,-6.153265,2022-01
01-02-2022,2,D14,20,38,53.350928,-6.368541,2022-02
01-02-2022,2,D14,8,143,53.34197,-6.317348,2022-02
01-02-2022,2,D14,22,132,53.317868,-6.397531,2022-02
01-02-2022,2,D14,12,177,53.321125,-6.317319,2022-02
01-02-2022,2,D14,6w,323,53.308329,-6.301888,2022-02
01-02-2022,2,D14,6,238,53.321452,-6.264349,2022-02
01-02-2022,2,D14,4,199,53.328197,-6.22809,2022-02
01-02-2022,2,D14,24,606,53.285009,-6.37192,2022-02
01-02-2022,2,D14,16,1075,53.281712,-6.284927,2022-02
01-02-2022,2,D14,18,1267,53.263568,-6.153265,2022-02
01-03-2022,3,D14,20,42,53.350928,-6.368541,2022-03
01-03-2022,3,D14,8,202,53.34197,-6.317348,2022-03
01-03-2022,3,D14,22,146,53.317868,-6.397531,2022-03
01-03-2022,3,D14,12,212,53.321125,-6.317319,2022-03
01-03-2022,3,D14,6w,427,53.308329,-6.301888,2022-03
01-03-2022,3,D14,6,233,53.321452,-6.264349,2022-03
01-03-2022,3,D14,4,251,53.328197,-6.22809,2022-03
01-03-2022,3,D14,24,738,53.285009,-6.37192,2022-03
01-03-2022,3,D14,16,1295,53.281712,-6.284927,2022-03
01-03-2022,3,D14,18,1548,53.263568,-6.153265,2022-03
01-04-2022,4,D14,20,48,53.350928,-6.368541,2022-04
01-04-2022,4,D14,8,154,53.34197,-6.317348,2022-04
01-04-2022,4,D14,22,135,53.317868,-6.397531,2022-04
01-04-2022,4,D14,12,176,53.321125,-6.317319,2022-04
01-04-2022,4,D14,6w,314,53.308329,-6.301888,2022-04
01-04-2022,4,D14,6,206,53.321452,-6.264349,2022-04
01-04-2022,4,D14,4,206,53.328197,-6.22809,2022-04
01-04-2022,4,D14,24,620,53.285009,-6.37192,2022-04
01-04-2022,4,D14,16,977,53.281712,-6.284927,2022-04
01-04-2022,4,D14,18,1197,53.263568,-6.153265,2022-04
01-05-2022,5,D14,20,41,53.350928,-6.368541,2022-05
01-05-2022,5,D14,8,185,53.34197,-6.317348,2022-05
01-05-2022,5,D14,22,145,53.317868,-6.397531,2022-05
01-05-2022,5,D14,12,180,53.321125,-6.317319,2022-05
01-05-2022,5,D14,6w,364,53.308329,-6.301888,2022-05
01-05-2022,5,D14,6,214,53.321452,-6.264349,2022-05
01-05-2022,5,D14,4,228,53.328197,-6.22809,2022-05
01-05-2022,5,D14,24,670,53.285009,-6.37192,2022-05
01-05-2022,5,D14,16,1185,53.281712,-6.284927,2022-05
01-05-2022,5,D14,18,1419,53.263568,-6.153265,2022-05
01-06-2022,6,D14,20,41,53.350928,-6.368541,2022-06
01-06-2022,6,D14,8,173,53.34197,-6.317348,2022-06
01-06-2022,6,D14,22,148,53.317868,-6.397531,2022-06
01-06-2022,6,D14,12,144,53.321125,-6.317319,2022-06
01-06-2022,6,D14,6w,338,53.308329,-6.301888,2022-06
01-06-2022,6,D14,6,254,53.321452,-6.264349,2022-06
01-06-2022,6,D14,4,216,53.328197,-6.22809,2022-06
01-06-2022,6,D14,24,633,53.285009,-6.37192,2022-06
01-06-2022,6,D14,16,1162,53.281712,-6.284927,2022-06
01-06-2022,6,D14,18,1339,53.263568,-6.153265,2022-06
01-07-2022,7,D14,20,56,53.350928,-6.368541,2022-07
01-07-2022,7,D14,8,222,53.34197,-6.317348,2022-07
01-07-2022,7,D14,22,150,53.317868,-6.397531,2022-07
01-07-2022,7,D14,12,207,53.321125,-6.317319,2022-07
01-07-2022,7,D14,6w,408,53.308329,-6.301888,2022-07
01-07-2022,7,D14,6,251,53.321452,-6.264349,2022-07
01-07-2022,7,D14,4,246,53.328197,-6.22809,2022-07
01-07-2022,7,D14,24,796,53.285009,-6.37192,2022-07
01-07-2022,7,D14,16,1355,53.281712,-6.284927,2022-07
01-07-2022,7,D14,18,1541,53.263568,-6.153265,2022-07
01-08-2022,8,D14,20,44,53.350928,-6.368541,2022-08
01-08-2022,8,D14,8,141,53.34197,-6.317348,2022-08
01-08-2022,8,D14,22,131,53.317868,-6.397531,2022-08
01-08-2022,8,D14,12,172,53.321125,-6.317319,2022-08
01-08-2022,8,D14,6w,337,53.308329,-6.301888,2022-08
01-08-2022,8,D14,6,202,53.321452,-6.264349,2022-08
01-08-2022,8,D14,4,199,53.328197,-6.22809,2022-08
01-08-2022,8,D14,24,600,53.285009,-6.37192,2022-08
01-08-2022,8,D14,16,1043,53.281712,-6.284927,2022-08
01-08-2022,8,D14,18,1237,53.263568,-6.153265,2022-08
01-09-2022,9,D14,20,54,53.350928,-6.368541,2022-09
01-09-2022,9,D14,8,176,53.34197,-6.317348,2022-09
01-09-2022,9,D14,22,131,53.317868,-6.397531,2022-09
01-09-2022,9,D14,12,230,53.321125,-6.317319,2022-09
01-09-2022,9,D14,6w,327,53.308329,-6.301888,2022-09
01-09-2022,9,D14,6,212,53.321452,-6.264349,2022-09
01-09-2022,9,D14,4,233,53.328197,-6.22809,2022-09
01-09-2022,9,D14,24,647,53.285009,-6.37192,2022-09
01-09-2022,9,D14,16,1076,53.281712,-6.284927,2022-09
01-09-2022,9,D14,18,1445,53.263568,-6.153265,2022-09
01-10-2022,10,D14,20,37,53.350928,-6.368541,2022-10
01-10-2022,10,D14,8,145,53.34197,-6.317348,2022-10
01-10-2022,10,D14,22,103,53.317868,-6.397531,2022-10
01-10-2022,10,D14,12,150,53.321125,-6.317319,2022-10
01-10-2022,10,D14,6w,266,53.308329,-6.301888,2022-10
01-10-2022,10,D14,6,190,53.321452,-6.264349,2022-10
01-10-2022,10,D14,4,182,53.328197,-6.22809,2022-10
01-10-2022,10,D14,24,566,53.285009,-6.37192,2022-10
01-10-2022,10,D14,16,954,53.281712,-6.284927,2022-10
01-10-2022,10,D14,18,1129,53.263568,-6.153265,2022-10
01-11-2022,11,D14,20,31,53.350928,-6.368541,2022-11
01-11-2022,11,D14,8,168,53.34197,-6.317348,2022-11
01-11-2022,11,D14,22,121,53.317868,-6.397531,2022-11
01-11-2022,11,D14,12,154,53.321125,-6.317319,2022-11
01-11-2022,11,D14,6w,317,53.308329,-6.301888,2022-11
01-11-2022,11,D14,6,212,53.321452,-6.264349,2022-11
01-11-2022,11,D14,4,207,53.328197,-6.22809,2022-11
01-11-2022,11,D14,24,640,53.285009,-6.37192,2022-11
01-11-2022,11,D14,16,1012,53.281712,-6.284927,2022-11
01-11-2022,11,D14,18,1236,53.263568,-6.153265,2022-11
01-12-2022,12,D14,20,42,53.350928,-6.368541,2022-12
01-12-2022,12,D14,8,225,53.34197,-6.317348,2022-12
01-12-2022,12,D14,22,184,53.317868,-6.397531,2022-12
01-12-2022,12,D14,12,203,53.321125,-6.317319,2022-12
01-12-2022,12,D14,6w,478,53.308329,-6.301888,2022-12
01-12-2022,12,D14,6,282,53.321452,-6.264349,2022-12
01-12-2022,12,D14,4,256,53.328197,-6.22809,2022-12
01-12-2022,12,D14,24,855,53.285009,-6.37192,2022-12
01-12-2022,12,D14,16,1483,53.281712,-6.284927,2022-12
01-12-2022,12,D14,18,1668,53.263568,-6.153265,2022-12
01-01-2023,1,D14,20,39,53.350928,-6.368541,2023-01
01-01-2023,1,D14,8,146,53.34197,-6.317348,2023-01
01-01-2023,1,D14,22,108,53.317868,-6.397531,2023-01
01-01-2023,1,D14,12,129,53.321125,-6.317319,2023-01
01-01-2023,1,D14,6w,250,53.308329,-6.301888,2023-01
01-01-2023,1,D14,6,158,53.321452,-6.264349,2023-01
01-01-2023,1,D14,4,167,53.328197,-6.22809,2023-01
01-01-2023,1,D14,24,498,53.285009,-6.37192,2023-01
01-01-2023,1,D14,16,860,53.281712,-6.284927,2023-01
01-01-2023,1,D14,18,1018,53.263568,-6.153265,2023-01
01-02-2023,2,D14,20,42,53.350928,-6.368541,2023-02
01-02-2023,2,D14,8,164,53.34197,-6.317348,2023-02
01-02-2023,2,D14,22,137,53.317868,-6.397531,2023-02
01-02-2023,2,D14,12,162,53.321125,-6.317319,2023-02
01-02-2023,2,D14,6w,352,53.308329,-6.301888,2023-02
01-02-2023,2,D14,6,233,53.321452,-6.264349,2023-02
01-02-2023,2,D14,4,211,53.328197,-6.22809,2023-02
01-02-2023,2,D14,24,639,53.285009,-6.37192,2023-02
01-02-2023,2,D14,16,1062,53.281712,-6.284927,2023-02
01-02-2023,2,D14,18,1309,53.263568,-6.153265,2023-02
01-03-2023,3,D14,20,38,53.350928,-6.368541,2023-03
01-03-2023,3,D14,8,171,53.34197,-6.317348,2023-03
01-03-2023,3,D14,22,135,53.317868,-6.397531,2023-03
01-03-2023,3,D14,12,179,53.321125,-6.317319,2023-03
01-03-2023,3,D14,6w,335,53.308329,-6.301888,2023-03
01-03-2023,3,D14,6,189,53.321452,-6.264349,2023-03
01-03-2023,3,D14,4,227,53.328197,-6.22809,2023-03
01-03-2023,3,D14,24,651,53.285009,-6.37192,2023-03
01-03-2023,3,D14,16,1044,53.281712,-6.284927,2023-03
01-03-2023,3,D14,18,1271,53.263568,-6.153265,2023-03
01-04-2023,4,D14,20,45,53.350928,-6.368541,2023-04
01-04-2023,4,D14,8,189,53.34197,-6.317348,2023-04
01-04-2023,4,D14,22,132,53.317868,-6.397531,2023-04
01-04-2023,4,D14,12,161,53.321125,-6.317319,2023-04
01-04-2023,4,D14,6w,374,53.308329,-6.301888,2023-04
01-04-2023,4,D14,6,248,53.321452,-6.264349,2023-04
01-04-2023,4,D14,4,233,53.328197,-6.22809,2023-04
01-04-2023,4,D14,24,682,53.285009,-6.37192,2023-04
01-04-2023,4,D14,16,1206,53.281712,-6.284927,2023-04
01-04-2023,4,D14,18,1383,53.263568,-6.153265,2023-04
01-05-2023,5,D14,20,42,53.350928,-6.368541,2023-05
01-05-2023,5,D14,8,174,53.34197,-6.317348,2023-05
01-05-2023,5,D14,22,126,53.317868,-6.397531,2023-05
01-05-2023,5,D14,12,189,53.321125,-6.317319,2023-05
01-05-2023,5,D14,6w,378,53.308329,-6.301888,2023-05
01-05-2023,5,D14,6,216,53.321452,-6.264349,2023-05
01-05-2023,5,D14,4,202,53.328197,-6.22809,2023-05
01-05-2023,5,D14,24,704,53.285009,-6.37192,2023-05
01-05-2023,5,D14,16,1159,53.281712,-6.284927,2023-05
01-05-2023,5,D14,18,1340,53.263568,-6.153265,2023-05
01-06-2023,6,D14,20,45,53.350928,-6.368541,2023-06
01-06-2023,6,D14,8,160,53.34197,-6.317348,2023-06
01-06-2023,6,D14,22,117,53.317868,-6.397531,2023-06
01-06-2023,6,D14,12,165,53.321125,-6.317319,2023-06
01-06-2023,6,D14,6w,331,53.308329,-6.301888,2023-06
01-06-2023,6,D14,6,185,53.321452,-6.264349,2023-06
01-06-2023,6,D14,4,192,53.328197,-6.22809,2023-06
01-06-2023,6,D14,24,637,53.285009,-6.37192,2023-06
01-06-2023,6,D14,16,1063,53.281712,-6.284927,2023-06
01-06-2023,6,D14,18,1257,53.263568,-6.153265,2023-06
01-07-2023,7,D14,20,56,53.350928,-6.368541,2023-07
01-07-2023,7,D14,8,194,53.34197,-6.317348,2023-07
01-07-2023,7,D14,22,145,53.317868,-6.397531,2023-07
01-07-2023,7,D14,12,208,53.321125,-6.317319,2023-07
01-07-2023,7,D14,6w,399,53.308329,-6.301888,2023-07
01-07-2023,7,D14,6,262,53.321452,-6.264349,2023-07
01-07-2023,7,D14,4,230,53.328197,-6.22809,2023-07
01-07-2023,7,D14,24,759,53.285009,-6.37192,2023-07
01-07-2023,7,D14,16,1309,53.281712,-6.284927,2023-07
01-07-2023,7,D14,18,1494,53.263568,-6.153265,2023-07
01-08-2023,8,D14,20,51,53.350928,-6.368541,2023-08
01-08-2023,8,D14,8,179,53.34197,-6.317348,2023-08
01-08-2023,8,D14,22,153,53.317868,-6.397531,2023-08
01-08-2023,8,D14,12,194,53.321125,-6.317319,2023-08
01-08-2023,8,D14,6w,393,53.308329,-6.301888,2023-08
01-08-2023,8,D14,6,233,53.321452,-6.264349,2023-08
01-08-2023,8,D14,4,224,53.328197,-6.22809,2023-08
01-08-2023,8,D14,24,705,53.285009,-6.37192,2023-08
01-08-2023,8,D14,16,1208,53.281712,-6.284927,2023-08
01-08-2023,8,D14,18,1482,53.263568,-6.153265,2023-08
01-09-2023,9,D14,20,41,53.350928,-6.368541,2023-09
01-09-2023,9,D14,8,169,53.34197,-6.317348,2023-09
01-09-2023,9,D14,22,130,53.317868,-6.397531,2023-09
01-09-2023,9,D14,12,159,53.321125,-6.317319,2023-09
01-09-2023,9,D14,6w,322,53.308329,-6.301888,2023-09
01-09-2023,9,D14,6,200,53.321452,-6.264349,2023-09
01-09-2023,9,D14,4,193,53.328197,-6.22809,2023-09
01-09-2023,9,D14,24,592,53.285009,-6.37192,2023-09
01-09-2023,9,D14,16,1020,53.281712,-6.284927,2023-09
01-09-2023,9,D14,18,1309,53.263568,-6.153265,2023-09
01-10-2023,10,D14,20,41,53.350928,-6.368541,2023-10
01-10-2023,10,D14,8,164,53.34197,-6.317348,2023-10
01-10-2023,10,D14,22,117,53.317868,-6.397531,2023-10
01-10-2023,10,D14,12,140,53.321125,-6.317319,2023-10
01-10-2023,10,D14,6w,331,53.308329,-6.301888,2023-10
01-10-2023,10,D14,6,184,53.321452,-6.264349,2023-10
01-10-2023,10,D14,4,205,53.328197,-6.22809,2023-10
01-10-2023,10,D14,24,619,53.285009,-6.37192,2023-10
01-10-2023,10,D14,16,1100,53.281712,-6.284927,2023-10
01-10-2023,10,D14,18,1191,53.263568,-6.153265,2023-10
01-11-2023,11,D14,20,42,53.350928,-6.368541,2023-11
01-11-2023,11,D14,8,163,53.34197,-6.317348,2023-11
01-11-2023,11,D14,22,127,53.317868,-6.397531,2023-11
01-11-2023,11,D14,12,167,53.321125,-6.317319,2023-11
01-11-2023,11,D14,6w,334,53.308329,-6.301888,2023-11
01-11-2023,11,D14,6,193,53.321452,-6.264349,2023-11
01-11-2023,11,D14,4,195,53.328197,-6.22809,2023-11
01-11-2023,11,D14,24,678,53.285009,-6.37192,2023-11
01-11-2023,11,D14,16,1047,53.281712,-6.284927,2023-11
01-11-2023,11,D14,18,1247,53.263568,-6.153265,2023-11
01-12-2023,12,D14,20,47,53.350928,-6.368541,2023-12
01-12-2023,12,D14,8,204,53.34197,-6.317348,2023-12
01-12-2023,12,D14,22,163,53.317868,-6.397531,2023-12
01-12-2023,12,D14,12,217,53.321125,-6.317319,2023-12
01-12-2023,12,D14,6w,450,53.308329,-6.301888,2023-12
01-12-2023,12,D14,6,306,53.321452,-6.264349,2023-12
01-12-2023,12,D14,4,280,53.328197,-6.22809,2023-12
01-12-2023,12,D14,24,806,53.285009,-6.37192,2023-12
01-12-2023,12,D14,16,1428,53.281712,-6.284927,2023-12
01-12-2023,12,D14,18,1676,53.263568,-6.153265,2023-12
01-01-2024,1,D14,20,42,53.350928,-6.368541,2024-01
01-01-2024,1,D14,8,159,53.34197,-6.317348,2024-01
01-01-2024,1,D14,22,125,53.317868,-6.397531,2024-01
01-01-2024,1,D14,12,146,53.321125,-6.317319,2024-01
01-01-2024,1,D14,6w,314,53.308329,-6.301888,2024-01
01-01-2024,1,D14,6,201,53.321452,-6.264349,2024-01
01-01-2024,1,D14,4,235,53.328197,-6.22809,2024-01
01-01-2024,1,D14,24,620,53.285009,-6.37192,2024-01
01-01-2024,1,D14,16,974,53.281712,-6.284927,2024-01
01-01-2024,1,D14,18,1151,53.263568,-6.153265,2024-01
01-02-2024,2,D14,20,36,53.350928,-6.368541,2024-02
01-02-2024,2,D14,8,160,53.34197,-6.317348,2024-02
01-02-2024,2,D14,22,114,53.317868,-6.397531,2024-02
01-02-2024,2,D14,12,143,53.321125,-6.317319,2024-02
01-02-2024,2,D14,6w,332,53.308329,-6.301888,2024-02
01-02-2024,2,D14,6,183,53.321452,-6.264349,2024-02
01-02-2024,2,D14,4,199,53.328197,-6.22809,2024-02
01-02-2024,2,D14,24,597,53.285009,-6.37192,2024-02
01-02-2024,2,D14,16,991,53.281712,-6.284927,2024-02
01-02-2024,2,D14,18,1186,53.263568,-6.153265,2024-02
01-03-2024,3,D14,20,32,53.350928,-6.368541,2024-03
01-03-2024,3,D14,8,191,53.34197,-6.317348,2024-03
01-03-2024,3,D14,22,143,53.317868,-6.397531,2024-03
01-03-2024,3,D14,12,196,53.321125,-6.317319,2024-03
01-03-2024,3,D14,6w,367,53.308329,-6.301888,2024-03
01-03-2024,3,D14,6,257,53.321452,-6.264349,2024-03
01-03-2024,3,D14,4,222,53.328197,-6.22809,2024-03
01-03-2024,3,D14,24,737,53.285009,-6.37192,2024-03
01-03-2024,3,D14,16,1158,53.281712,-6.284927,2024-03
01-03-2024,3,D14,18,1435,53.263568,-6.153265,2024-03
01-04-2024,4,D14,20,52,53.350928,-6.368541,2024-04
01-04-2024,4,D14,8,193,53.34197,-6.317348,2024-04
01-04-2024,4,D14,22,130,53.317868,-6.397531,2024-04
01-04-2024,4,D14,12,150,53.321125,-6.317319,2024-04
01-04-2024,4,D14,6w,370,53.308329,-6.301888,2024-04
01-04-2024,4,D14,6,215,53.321452,-6.264349,2024-04
01-04-2024,4,D14,4,239,53.328197,-6.22809,2024-04
01-04-2024,4,D14,24,680,53.285009,-6.37192,2024-04
01-04-2024,4,D14,16,1144,53.281712,-6.284927,2024-04
01-04-2024,4,D14,18,1328,53.263568,-6.153265,2024-04
01-05-2024,5,D14,20,41,53.350928,-6.368541,2024-05
01-05-2024,5,D14,8,195,53.34197,-6.317348,2024-05
01-05-2024,5,D14,22,141,53.317868,-6.397531,2024-05
01-05-2024,5,D14,12,186,53.321125,-6.317319,2024-05
01-05-2024,5,D14,6w,409,53.308329,-6.301888,2024-05
01-05-2024,5,D14,6,275,53.321452,-6.264349,2024-05
01-05-2024,5,D14,4,243,53.328197,-6.22809,2024-05
01-05-2024,5,D14,24,693,53.285009,-6.37192,2024-05
01-05-2024,5,D14,16,1209,53.281712,-6.284927,2024-05
01-05-2024,5,D14,18,1444,53.263568,-6.153265,2024-05
01-06-2024,6,D14,20,55,53.350928,-6.368541,2024-06
01-06-2024,6,D14,8,172,53.34197,-6.317348,2024-06
01-06-2024,6,D14,22,136,53.317868,-6.397531,2024-06
01-06-2024,6,D14,12,222,53.321125,-6.317319,2024-06
01-06-2024,6,D14,6w,376,53.308329,-6.301888,2024-06
01-06-2024,6,D14,6,253,53.321452,-6.264349,2024-06
01-06-2024,6,D14,4,239,53.328197,-6.22809,2024-06
01-06-2024,6,D14,24,706,53.285009,-6.37192,2024-06
01-06-2024,6,D14,16,1150,53.281712,-6.284927,2024-06
01-06-2024,6,D14,18,1388,53.263568,-6.153265,2024-06
01-07-2024,7,D14,20,50,53.350928,-6.368541,2024-07
01-07-2024,7,D14,8,204,53.34197,-6.317348,2024-07
01-07-2024,7,D14,22,149,53.317868,-6.397531,2024-07
01-07-2024,7,D14,12,206,53.321125,-6.317319,2024-07
01-07-2024,7,D14,6w,390,53.308329,-6.301888,2024-07
01-07-2024,7,D14,6,251,53.321452,-6.264349,2024-07
01-07-2024,7,D14,4,277,53.328197,-6.22809,2024-07
01-07-2024,7,D14,24,754,53.285009,-6.37192,2024-07
01-07-2024,7,D14,16,1267,53.281712,-6.284927,2024-07
01-07-2024,7,D14,18,1471,53.263568,-6.153265,2024-07
01-08-2024,8,D14,20,51,53.350928,-6.368541,2024-08
01-08-2024,8,D14,8,208,53.34197,-6.317348,2024-08
01-08-2024,8,D14,22,154,53.317868,-6.397531,2024-08
01-08-2024,8,D14,12,184,53.321125,-6.317319,2024-08
01-08-2024,8,D14,6w,399,53.308329,-6.301888,2024-08
01-08-2024,8,D14,6,240,53.321452,-6.264349,2024-08
01-08-2024,8,D14,4,227,53.328197,-6.22809,2024-08
01-08-2024,8,D14,24,743,53.285009,-6.37192,2024-08
01-08-2024,8,D14,16,1240,53.281712,-6.284927,2024-08
01-08-2024,8,D14,18,1504,53.263568,-6.153265,2024-08
01-09-2024,9,D14,20,53,53.350928,-6.368541,2024-09
01-09-2024,9,D14,8,162,53.34197,-6.317348,2024-09
01-09-2024,9,D14,22,145,53.317868,-6.397531,2024-09
01-09-2024,9,D14,12,184,53.321125,-6.317319,2024-09
01-09-2024,9,D14,6w,381,53.308329,-6.301888,2024-09
01-09-2024,9,D14,6,239,53.321452,-6.264349,2024-09
01-09-2024,9,D14,4,236,53.328197,-6.22809,2024-09
01-09-2024,9,D14,24,683,53.285009,-6.37192,2024-09
01-09-2024,9,D14,16,1106,53.281712,-6.284927,2024-09
01-09-2024,9,D14,18,1302,53.263568,-6.153265,2024-09
01-10-2024,10,D14,20,36,53.350928,-6.368541,2024-10
01-10-2024,10,D14,8,173,53.34197,-6.317348,2024-10
01-10-2024,10,D14,22,124,53.317868,-6.397531,2024-10
01-10-2024,10,D14,12,149,53.321125,-6.317319,2024-10
01-10-2024,10,D14,6w,329,53.308329,-6.301888,2024-10
01-10-2024,10,D14,6,188,53.321452,-6.264349,2024-10
01-10-2024,10,D14,4,220,53.328197,-6.22809,2024-10
01-10-2024,10,D14,24,639,53.285009,-6.37192,2024-10
01-10-2024,10,D14,16,1045,53.281712,-6.284927,2024-10
01-10-2024,10,D14,18,1206,53.263568,-6.153265,2024-10
01-11-2024,11,D14,20,58,53.350928,-6.368541,2024-11
01-11-2024,11,D14,8,168,53.34197,-6.317348,2024-11
01-11-2024,11,D14,22,131,53.317868,-6.397531,2024-11
01-11-2024,11,D14,12,149,53.321125,-6.317319,2024-11
01-11-2024,11,D14,6w,368,53.308329,-6.301888,2024-11
01-11-2024,11,D14,6,201,53.321452,-6.264349,2024-11
01-11-2024,11,D14,4,179,53.328197,-6.22809,2024-11
01-11-2024,11,D14,24,569,53.285009,-6.37192,2024-11
01-11-2024,11,D14,16,1041,53.281712,-6.284927,2024-11
01-11-2024,11,D14,18,1276,53.263568,-6.153265,2024-11
01-12-2024,12,D14,20,49,53.350928,-6.368541,2024-12
01-12-2024,12,D14,8,229,53.34197,-6.317348,2024-12
01-12-2024,12,D14,22,162,53.317868,-6.397531,2024-12
01-12-2024,12,D14,12,229,53.321125,-6.317319,2024-12
01-12-2024,12,D14,6w,419,53.308329,-6.301888,2024-12
01-12-2024,12,D14,6,324,53.321452,-6.264349,2024-12
01-12-2024,12,D14,4,297,53.328197,-6.22809,2024-12
01-12-2024,12,D14,24,835,53.285009,-6.37192,2024-12
01-12-2024,12,D14,16,1360,53.281712,-6.284927,2024-12
01-12-2024,12,D14,18,1726,53.263568,-6.153265,2024-12
01-01-2025,1,D14,20,27,53.350928,-6.368541,2025-01
01-01-2025,1,D14,8,123,53.34197,-6.317348,2025-01
01-01-2025,1,D14,22,88,53.317868,-6.397531,2025-01
01-01-2025,1,D14,12,121,53.321125,-6.317319,2025-01
01-01-2025,1,D14,6w,238,53.308329,-6.301888,2025-01
01-01-2025,1,D14,6,144,53.321452,-6.264349,2025-01
01-01-2025,1,D14,4,174,53.328197,-6.22809,2025-01
01-01-2025,1,D14,24,461,53.285009,-6.37192,2025-01
01-01-2025,1,D14,16,792,53.281712,-6.284927,2025-01
01-01-2025,1,D14,18,959,53.263568,-6.153265,2025-01
01-02-2025,2,D14,20,44,53.350928,-6.368541,2025-02
01-02-2025,2,D14,8,160,53.34197,-6.317348,2025-02
01-02-2025,2,D14,22,120,53.317868,-6.397531,2025-02
01-02-2025,2,D14,12,176,53.321125,-6.317319,2025-02
01-02-2025,2,D14,6w,290,53.308329,-6.301888,2025-02
01-02-2025,2,D14,6,189,53.321452,-6.264349,2025-02
01-02-2025,2,D14,4,204,53.328197,-6.22809,2025-02
01-02-2025,2,D14,24,587,53.285009,-6.37192,2025-02
01-02-2025,2,D14,16,992,53.281712,-6.284927,2025-02
01-02-2025,2,D14,18,1159,53.263568,-6.153265,2025-02
01-03-2025,3,D14,20,58,53.350928,-6.368541,2025-03
01-03-2025,3,D14,8,191,53.34197,-6.317348,2025-03
01-03-2025,3,D14,22,145,53.317868,-6.397531,2025-03
01-03-2025,3,D14,12,233,53.321125,-6.317319,2025-03
01-03-2025,3,D14,6w,450,53.308329,-6.301888,2025-03
01-03-2025,3,D14,6,249,53.321452,-6.264349,2025-03
01-03-2025,3,D14,4,274,53.328197,-6.22809,2025-03
01-03-2025,3,D14,24,777,53.285009,-6.37192,2025-03
01-03-2025,3,D14,16,1284,53.281712,-6.284927,2025-03
01-03-2025,3,D14,18,1525,53.263568,-6.153265,2025-03
01-04-2025,4,D14,20,51,53.350928,-6.368541,2025-04
01-04-2025,4,D14,8,177,53.34197,-6.317348,2025-04
01-04-2025,4,D14,22,128,53.317868,-6.397531,2025-04
01-04-2025,4,D14,12,152,53.321125,-6.317319,2025-04
01-04-2025,4,D14,6w,368,53.308329,-6.301888,2025-04
01-04-2025,4,D14,6,214,53.321452,-6.264349,2025-04
01-04-2025,4,D14,4,232,53.328197,-6.22809,2025-04
01-04-2025,4,D14,24,664,53.285009,-6.37192,2025-04
01-04-2025,4,D14,16,1100,53.281712,-6.284927,2025-04
01-04-2025,4,D14,18,1301,53.263568,-6.153265,2025-04
01-05-2025,5,D14,20,53,53.350928,-6.368541,2025-05
01-05-2025,5,D14,8,218,53.34197,-6.317348,2025-05
01-05-2025,5,D14,22,153,53.317868,-6.397531,2025-05
01-05-2025,5,D14,12,189,53.321125,-6.317319,2025-05
01-05-2025,5,D14,6w,409,53.308329,-6.301888,2025-05
01-05-2025,5,D14,6,253,53.321452,-6.264349,2025-05
01-05-2025,5,D14,4,215,53.328197,-6.22809,2025-05
01-05-2025,5,D14,24,728,53.285009,-6.37192,2025-05
01-05-2025,5,D14,16,1228,53.281712,-6.284927,2025-05
01-05-2025,5,D14,18,1485,53.263568,-6.153265,2025-05
01-06-2025,6,D14,20,65,53.350928,-6.368541,2025-06
01-06-2025,6,D14,8,223,53.34197,-6.317348,2025-06
01-06-2025,6,D14,22,168,53.317868,-6.397531,2025-06
01-06-2025,6,D14,12,203,53.321125,-6.317319,2025-06
01-06-2025,6,D14,6w,445,53.308329,-6.301888,2025-06
01-06-2025,6,D14,6,264,53.321452,-6.264349,2025-06
01-06-2025,6,D14,4,258,53.328197,-6.22809,2025-06
01-06-2025,6,D14,24,796,53.285009,-6.37192,2025-06
01-06-2025,6,D14,16,1363,53.281712,-6.284927,2025-06
01-06-2025,6,D14,18,1644,53.263568,-6.153265,2025-06
01-07-2025,7,D14,20,48,53.350928,-6.368541,2025-07
01-07-2025,7,D14,8,253,53.34197,-6.317348,2025-07
01-07-2025,7,D14,22,171,53.317868,-6.397531,2025-07
01-07-2025,7,D14,12,222,53.321125,-6.317319,2025-07
01-07-2025,7,D14,6w,413,53.308329,-6.301888,2025-07
01-07-2025,7,D14,6,264,53.321452,-6.264349,2025-07
01-07-2025,7,D14,4,265,53.328197,-6.22809,2025-07
01-07-2025,7,D14,24,812,53.285009,-6.37192,2025-07
01-07-2025,7,D14,16,1289,53.281712,-6.284927,2025-07
01-07-2025,7,D14,18,1554,53.263568,-6.153265,2025-07
01-08-2025,8,D14,20,44,53.350928,-6.368541,2025-08
01-08-2025,8,D14,8,169,53.34197,-6.317348,2025-08
01-08-2025,8,D14,22,162,53.317868,-6.397531,2025-08
01-08-2025,8,D14,12,196,53.321125,-6.317319,2025-08
01-08-2025,8,D14,6w,389,53.308329,-6.301888,2025-08
01-08-2025,8,D14,6,210,53.321452,-6.264349,2025-08
01-08-2025,8,D14,4,219,53.328197,-6.22809,2025-08
01-08-2025,8,D14,24,702,53.285009,-6.37192,2025-08
01-08-2025,8,D14,16,1195,53.281712,-6.284927,2025-08
01-08-2025,8,D14,18,1347,53.263568,-6.153265,2025-08
01-09-2025,9,D14,20,48,53.350928,-6.368541,2025-09
01-09-2025,9,D14,8,164,53.34197,-6.317348,2025-09
01-09-2025,9,D14,22,132,53.317868,-6.397531,2025-09
01-09-2025,9,D14,12,171,53.321125,-6.317319,2025-09
01-09-2025,9,D14,6w,349,53.308329,-6.301888,2025-09
01-09-2025,9,D14,6,215,53.321452,-6.264349,2025-09
01-09-2025,9,D14,4,239,53.328197,-6.22809,2025-09
01-09-2025,9,D14,24,641,53.285009,-6.37192,2025-09
01-09-2025,9,D14,16,1099,53.281712,-6.284927,2025-09
01-09-2025,9,D14,18,1316,53.263568,-6.153265,2025-09
01-01-2021,1,D2,20,424,53.350928,-6.368541,2021-01
01-01-2021,1,D2,8,956,53.34197,-6.317348,2021-01
01-01-2021,1,D2,22,162,53.317868,-6.397531,2021-01
01-01-2021,1,D2,12,661,53.321125,-6.317319,2021-01
01-01-2021,1,D2,6w,518,53.308329,-6.301888,2021-01
01-01-2021,1,D2,6,602,53.321452,-6.264349,2021-01
01-01-2021,1,D2,4,915,53.328197,-6.22809,2021-01
01-01-2021,1,D2,24,89,53.285009,-6.37192,2021-01
01-01-2021,1,D2,16,100,53.281712,-6.284927,2021-01
01-01-2021,1,D2,18,38,53.263568,-6.153265,2021-01
01-02-2021,2,D2,20,451,53.350928,-6.368541,2021-02
01-02-2021,2,D2,8,1127,53.34197,-6.317348,2021-02
01-02-2021,2,D2,22,197,53.317868,-6.397531,2021-02
01-02-2021,2,D2,12,706,53.321125,-6.317319,2021-02
01-02-2021,2,D2,6w,575,53.308329,-6.301888,2021-02
01-02-2021,2,D2,6,708,53.321452,-6.264349,2021-02
01-02-2021,2,D2,4,975,53.328197,-6.22809,2021-02
01-02-2021,2,D2,24,100,53.285009,-6.37192,2021-02
01-02-2021,2,D2,16,105,53.281712,-6.284927,2021-02
01-02-2021,2,D2,18,47,53.263568,-6.153265,2021-02
01-03-2021,3,D2,20,596,53.350928,-6.368541,2021-03
01-03-2021,3,D2,8,1361,53.34197,-6.317348,2021-03
01-03-2021,3,D2,22,239,53.317868,-6.397531,2021-03
01-03-2021,3,D2,12,923,53.321125,-6.317319,2021-03
01-03-2021,3,D2,6w,784,53.308329,-6.301888,2021-03
01-03-2021,3,D2,6,888,53.321452,-6.264349,2021-03
01-03-2021,3,D2,4,1266,53.328197,-6.22809,2021-03
01-03-2021,3,D2,24,132,53.285009,-6.37192,2021-03
01-03-2021,3,D2,16,141,53.281712,-6.284927,2021-03
01-03-2021,3,D2,18,70,53.263568,-6.153265,2021-03
01-04-2021,4,D2,20,495,53.350928,-6.368541,2021-04
01-04-2021,4,D2,8,1140,53.34197,-6.317348,2021-04
01-04-2021,4,D2,22,231,53.317868,-6.397531,2021-04
01-04-2021,4,D2,12,757,53.321125,-6.317319,2021-04
01-04-2021,4,D2,6w,630,53.308329,-6.301888,2021-04
01-04-2021,4,D2,6,700,53.321452,-6.264349,2021-04
01-04-2021,4,D2,4,1043,53.328197,-6.22809,2021-04
01-04-2021,4,D2,24,103,53.285009,-6.37192,2021-04
01-04-2021,4,D2,16,98,53.281712,-6.284927,2021-04
01-04-2021,4,D2,18,56,53.263568,-6.153265,2021-04
01-05-2021,5,D2,20,576,53.350928,-6.368541,2021-05
01-05-2021,5,D2,8,1457,53.34197,-6.317348,2021-05
01-05-2021,5,D2,22,277,53.317868,-6.397531,2021-05
01-05-2021,5,D2,12,913,53.321125,-6.317319,2021-05
01-05-2021,5,D2,6w,819,53.308329,-6.301888,2021-05
01-05-2021,5,D2,6,889,53.321452,-6.264349,2021-05
01-05-2021,5,D2,4,1288,53.328197,-6.22809,2021-05
01-05-2021,5,D2,24,112,53.285009,-6.37192,2021-05
01-05-2021,5,D2,16,141,53.281712,-6.284927,2021-05
01-05-2021,5,D2,18,53,53.263568,-6.153265,2021-05
01-06-2021,6,D2,20,600,53.350928,-6.368541,2021-06
01-06-2021,6,D2,8,1460,53.34197,-6.317348,2021-06
01-06-2021,6,D2,22,257,53.317868,-6.397531,2021-06
01-06-2021,6,D2,12,940,53.321125,-6.317319,2021-06
01-06-2021,6,D2,6w,751,53.308329,-6.301888,2021-06
01-06-2021,6,D2,6,878,53.321452,-6.264349,2021-06
01-06-2021,6,D2,4,1377,53.328197,-6.22809,2021-06
01-06-2021,6,D2,24,119,53.285009,-6.37192,2021-06
01-06-2021,6,D2,16,153,53.281712,-6.284927,2021-06
01-06-2021,6,D2,18,68,53.263568,-6.153265,2021-06
01-07-2021,7,D2,20,548,53.350928,-6.368541,2021-07
01-07-2021,7,D2,8,1352,53.34197,-6.317348,2021-07
01-07-2021,7,D2,22,232,53.317868,-6.397531,2021-07
01-07-2021,7,D2,12,834,53.321125,-6.317319,2021-07
01-07-2021,7,D2,6w,741,53.308329,-6.301888,2021-07
01-07-2021,7,D2,6,818,53.321452,-6.264349,2021-07
01-07-2021,7,D2,4,1197,53.328197,-6.22809,2021-07
01-07-2021,7,D2,24,128,53.285009,-6.37192,2021-07
01-07-2021,7,D2,16,130,53.281712,-6.284927,2021-07
01-07-2021,7,D2,18,74,53.263568,-6.153265,2021-07
01-08-2021,8,D2,20,557,53.350928,-6.368541,2021-08
01-08-2021,8,D2,8,1269,53.34197,-6.317348,2021-08
01-08-2021,8,D2,22,266,53.317868,-6.397531,2021-08
01-08-2021,8,D2,12,818,53.321125,-6.317319,2021-08
01-08-2021,8,D2,6w,681,53.308329,-6.301888,2021-08
01-08-2021,8,D2,6,819,53.321452,-6.264349,2021-08
01-08-2021,8,D2,4,1113,53.328197,-6.22809,2021-08
01-08-2021,8,D2,24,110,53.285009,-6.37192,2021-08
01-08-2021,8,D2,16,122,53.281712,-6.284927,2021-08
01-08-2021,8,D2,18,67,53.263568,-6.153265,2021-08
01-09-2021,9,D2,20,414,53.350928,-6.368541,2021-09
01-09-2021,9,D2,8,1112,53.34197,-6.317348,2021-09
01-09-2021,9,D2,22,225,53.317868,-6.397531,2021-09
01-09-2021,9,D2,12,669,53.321125,-6.317319,2021-09
01-09-2021,9,D2,6w,653,53.308329,-6.301888,2021-09
01-09-2021,9,D2,6,713,53.321452,-6.264349,2021-09
01-09-2021,9,D2,4,966,53.328197,-6.22809,2021-09
01-09-2021,9,D2,24,89,53.285009,-6.37192,2021-09
01-09-2021,9,D2,16,99,53.281712,-6.284927,2021-09
01-09-2021,9,D2,18,34,53.263568,-6.153265,2021-09
01-10-2021,10,D2,20,482,53.350928,-6.368541,2021-10
01-10-2021,10,D2,8,1159,53.34197,-6.317348,2021-10
01-10-2021,10,D2,22,214,53.317868,-6.397531,2021-10
01-10-2021,10,D2,12,717,53.321125,-6.317319,2021-10
01-10-2021,10,D2,6w,611,53.308329,-6.301888,2021-10
01-10-2021,10,D2,6,706,53.321452,-6.264349,2021-10
01-10-2021,10,D2,4,1016,53.328197,-6.22809,2021-10
01-10-2021,10,D2,24,84,53.285009,-6.37192,2021-10
01-10-2021,10,D2,16,122,53.281712,-6.284927,2021-10
01-10-2021,10,D2,18,60,53.263568,-6.153265,2021-10
01-11-2021,11,D2,20,464,53.350928,-6.368541,2021-11
01-11-2021,11,D2,8,1061,53.34197,-6.317348,2021-11
01-11-2021,11,D2,22,197,53.317868,-6.397531,2021-11
01-11-2021,11,D2,12,667,53.321125,-6.317319,2021-11
01-11-2021,11,D2,6w,562,53.308329,-6.301888,2021-11
01-11-2021,11,D2,6,676,53.321452,-6.264349,2021-11
01-11-2021,11,D2,4,957,53.328197,-6.22809,2021-11
01-11-2021,11,D2,24,108,53.285009,-6.37192,2021-11
01-11-2021,11,D2,16,90,53.281712,-6.284927,2021-11
01-11-2021,11,D2,18,52,53.263568,-6.153265,2021-11
01-12-2021,12,D2,20,691,53.350928,-6.368541,2021-12
01-12-2021,12,D2,8,1830,53.34197,-6.317348,2021-12
01-12-2021,12,D2,22,326,53.317868,-6.397531,2021-12
01-12-2021,12,D2,12,1191,53.321125,-6.317319,2021-12
01-12-2021,12,D2,6w,924,53.308329,-6.301888,2021-12
01-12-2021,12,D2,6,1118,53.321452,-6.264349,2021-12
01-12-2021,12,D2,4,1691,53.328197,-6.22809,2021-12
01-12-2021,12,D2,24,152,53.285009,-6.37192,2021-12
01-12-2021,12,D2,16,154,53.281712,-6.284927,2021-12
01-12-2021,12,D2,18,79,53.263568,-6.153265,2021-12
01-01-2022,1,D2,20,440,53.350928,-6.368541,2022-01
01-01-2022,1,D2,8,1120,53.34197,-6.317348,2022-01
01-01-2022,1,D2,22,198,53.317868,-6.397531,2022-01
01-01-2022,1,D2,12,754,53.321125,-6.317319,2022-01
01-01-2022,1,D2,6w,636,53.308329,-6.301888,2022-01
01-01-2022,1,D2,6,688,53.321452,-6.264349,2022-01
01-01-2022,1,D2,4,1004,53.328197,-6.22809,2022-01
01-01-2022,1,D2,24,103,53.285009,-6.37192,2022-01
01-01-2022,1,D2,16,98,53.281712,-6.284927,2022-01
01-01-2022,1,D2,18,52,53.263568,-6.153265,2022-01
01-02-2022,2,D2,20,451,53.350928,-6.368541,2022-02
01-02-2022,2,D2,8,1050,53.34197,-6.317348,2022-02
01-02-2022,2,D2,22,187,53.317868,-6.397531,2022-02
01-02-2022,2,D2,12,696,53.321125,-6.317319,2022-02
01-02-2022,2,D2,6w,593,53.308329,-6.301888,2022-02
01-02-2022,2,D2,6,681,53.321452,-6.264349,2022-02
01-02-2022,2,D2,4,923,53.328197,-6.22809,2022-02
01-02-2022,2,D2,24,105,53.285009,-6.37192,2022-02
01-02-2022,2,D2,16,87,53.281712,-6.284927,2022-02
01-02-2022,2,D2,18,41,53.263568,-6.153265,2022-02
01-03-2022,3,D2,20,673,53.350928,-6.368541,2022-03
01-03-2022,3,D2,8,1744,53.34197,-6.317348,2022-03
01-03-2022,3,D2,22,270,53.317868,-6.397531,2022-03
01-03-2022,3,D2,12,991,53.321125,-6.317319,2022-03
01-03-2022,3,D2,6w,879,53.308329,-6.301888,2022-03
01-03-2022,3,D2,6,1060,53.321452,-6.264349,2022-03
01-03-2022,3,D2,4,1490,53.328197,-6.22809,2022-03
01-03-2022,3,D2,24,167,53.285009,-6.37192,2022-03
01-03-2022,3,D2,16,138,53.281712,-6.284927,2022-03
01-03-2022,3,D2,18,81,53.263568,-6.153265,2022-03
01-04-2022,4,D2,20,533,53.350928,-6.368541,2022-04
01-04-2022,4,D2,8,1197,53.34197,-6.317348,2022-04
01-04-2022,4,D2,22,208,53.317868,-6.397531,2022-04
01-04-2022,4,D2,12,795,53.321125,-6.317319,2022-04
01-04-2022,4,D2,6w,664,53.308329,-6.301888,2022-04
01-04-2022,4,D2,6,781,53.321452,-6.264349,2022-04
01-04-2022,4,D2,4,1118,53.328197,-6.22809,2022-04
01-04-2022,4,D2,24,118,53.285009,-6.37192,2022-04
01-04-2022,4,D2,16,137,53.281712,-6.284927,2022-04
01-04-2022,4,D2,18,66,53.263568,-6.153265,2022-04
01-05-2022,5,D2,20,571,53.350928,-6.368541,2022-05
01-05-2022,5,D2,8,1455,53.34197,-6.317348,2022-05
01-05-2022,5,D2,22,269,53.317868,-6.397531,2022-05
01-05-2022,5,D2,12,837,53.321125,-6.317319,2022-05
01-05-2022,5,D2,6w,765,53.308329,-6.301888,2022-05
01-05-2022,5,D2,6,864,53.321452,-6.264349,2022-05
01-05-2022,5,D2,4,1238,53.328197,-6.22809,2022-05
01-05-2022,5,D2,24,136,53.285009,-6.37192,2022-05
01-05-2022,5,D2,16,113,53.281712,-6.284927,2022-05
01-05-2022,5,D2,18,59,53.263568,-6.153265,2022-05
01-06-2022,6,D2,20,564,53.350928,-6.368541,2022-06
01-06-2022,6,D2,8,1383,53.34197,-6.317348,2022-06
01-06-2022,6,D2,22,226,53.317868,-6.397531,2022-06
01-06-2022,6,D2,12,896,53.321125,-6.317319,2022-06
01-06-2022,6,D2,6w,752,53.308329,-6.301888,2022-06
01-06-2022,6,D2,6,864,53.321452,-6.264349,2022-06
01-06-2022,6,D2,4,1234,53.328197,-6.22809,2022-06
01-06-2022,6,D2,24,130,53.285009,-6.37192,2022-06
01-06-2022,6,D2,16,132,53.281712,-6.284927,2022-06
01-06-2022,6,D2,18,65,53.263568,-6.153265,2022-06
01-07-2022,7,D2,20,556,53.350928,-6.368541,2022-07
01-07-2022,7,D2,8,1436,53.34197,-6.317348,2022-07
01-07-2022,7,D2,22,284,53.317868,-6.397531,2022-07
01-07-2022,7,D2,12,918,53.321125,-6.317319,2022-07
01-07-2022,7,D2,6w,773,53.308329,-6.301888,2022-07
01-07-2022,7,D2,6,915,53.321452,-6.264349,2022-07
01-07-2022,7,D2,4,1295,53.328197,-6.22809,2022-07
01-07-2022,7,D2,24,137,53.285009,-6.37192,2022-07
01-07-2022,7,D2,16,132,53.281712,-6.284927,2022-07
01-07-2022,7,D2,18,60,53.263568,-6.153265,2022-07
01-08-2022,8,D2,20,572,53.350928,-6.368541,2022-08
01-08-2022,8,D2,8,1393,53.34197,-6.317348,2022-08
01-08-2022,8,D2,22,248,53.317868,-6.397531,2022-08
01-08-2022,8,D2,12,864,53.321125,-6.317319,2022-08
01-08-2022,8,D2,6w,761,53.308329,-6.301888,2022-08
01-08-2022,8,D2,6,864,53.321452,-6.264349,2022-08
01-08-2022,8,D2,4,1247,53.328197,-6.22809,2022-08
01-08-2022,8,D2,24,130,53.285009,-6.37192,2022-08
01-08-2022,8,D2,16,152,53.281712,-6.284927,2022-08
01-08-2022,8,D2,18,73,53.263568,-6.153265,2022-08
01-09-2022,9,D2,20,490,53.350928,-6.368541,2022-09
01-09-2022,9,D2,8,1285,53.34197,-6.317348,2022-09
01-09-2022,9,D2,22,222,53.317868,-6.397531,2022-09
01-09-2022,9,D2,12,734,53.321125,-6.317319,2022-09
01-09-2022,9,D2,6w,618,53.308329,-6.301888,2022-09
01-09-2022,9,D2,6,746,53.321452,-6.264349,2022-09
01-09-2022,9,D2,4,1182,53.328197,-6.22809,2022-09
01-09-2022,9,D2,24,109,53.285009,-6.37192,2022-09
01-09-2022,9,D2,16,121,53.281712,-6.284927,2022-09
01-09-2022,9,D2,18,59,53.263568,-6.153265,2022-09
01-10-2022,10,D2,20,434,53.350928,-6.368541,2022-10
01-10-2022,10,D2,8,1076,53.34197,-6.317348,2022-10
01-10-2022,10,D2,22,204,53.317868,-6.397531,2022-10
01-10-2022,10,D2,12,706,53.321125,-6.317319,2022-10
01-10-2022,10,D2,6w,599,53.308329,-6.301888,2022-10
01-10-2022,10,D2,6,685,53.321452,-6.264349,2022-10
01-10-2022,10,D2,4,992,53.328197,-6.22809,2022-10
01-10-2022,10,D2,24,113,53.285009,-6.37192,2022-10
01-10-2022,10,D2,16,82,53.281712,-6.284927,2022-10
01-10-2022,10,D2,18,46,53.263568,-6.153265,2022-10
01-11-2022,11,D2,20,510,53.350928,-6.368541,2022-11
01-11-2022,11,D2,8,1339,53.34197,-6.317348,2022-11
01-11-2022,11,D2,22,243,53.317868,-6.397531,2022-11
01-11-2022,11,D2,12,804,53.321125,-6.317319,2022-11
01-11-2022,11,D2,6w,748,53.308329,-6.301888,2022-11
01-11-2022,11,D2,6,820,53.321452,-6.264349,2022-11
01-11-2022,11,D2,4,1194,53.328197,-6.22809,2022-11
01-11-2022,11,D2,24,112,53.285009,-6.37192,2022-11
01-11-2022,11,D2,16,117,53.281712,-6.284927,2022-11
01-11-2022,11,D2,18,69,53.263568,-6.153265,2022-11
01-12-2022,12,D2,20,857,53.350928,-6.368541,2022-12
01-12-2022,12,D2,8,1999,53.34197,-6.317348,2022-12
01-12-2022,12,D2,22,357,53.317868,-6.397531,2022-12
01-12-2022,12,D2,12,1263,53.321125,-6.317319,2022-12
01-12-2022,12,D2,6w,1072,53.308329,-6.301888,2022-12
01-12-2022,12,D2,6,1250,53.321452,-6.264349,2022-12
01-12-2022,12,D2,4,1863,53.328197,-6.22809,2022-12
01-12-2022,12,D2,24,158,53.285009,-6.37192,2022-12
01-12-2022,12,D2,16,183,53.281712,-6.284927,2022-12
01-12-2022,12,D2,18,83,53.263568,-6.153265,2022-12
01-01-2023,1,D2,20,400,53.350928,-6.368541,2023-01
01-01-2023,1,D2,8,953,53.34197,-6.317348,2023-01
01-01-2023,1,D2,22,185,53.317868,-6.397531,2023-01
01-01-2023,1,D2,12,598,53.321125,-6.317319,2023-01
01-01-2023,1,D2,6w,538,53.308329,-6.301888,2023-01
01-01-2023,1,D2,6,599,53.321452,-6.264349,2023-01
01-01-2023,1,D2,4,850,53.328197,-6.22809,2023-01
01-01-2023,1,D2,24,82,53.285009,-6.37192,2023-01
01-01-2023,1,D2,16,67,53.281712,-6.284927,2023-01
01-01-2023,1,D2,18,50,53.263568,-6.153265,2023-01
01-02-2023,2,D2,20,437,53.350928,-6.368541,2023-02
01-02-2023,2,D2,8,1047,53.34197,-6.317348,2023-02
01-02-2023,2,D2,22,160,53.317868,-6.397531,2023-02
01-02-2023,2,D2,12,677,53.321125,-6.317319,2023-02
01-02-2023,2,D2,6w,567,53.308329,-6.301888,2023-02
01-02-2023,2,D2,6,659,53.321452,-6.264349,2023-02
01-02-2023,2,D2,4,900,53.328197,-6.22809,2023-02
01-02-2023,2,D2,24,76,53.285009,-6.37192,2023-02
01-02-2023,2,D2,16,93,53.281712,-6.284927,2023-02
01-02-2023,2,D2,18,34,53.263568,-6.153265,2023-02
01-03-2023,3,D2,20,665,53.350928,-6.368541,2023-03
01-03-2023,3,D2,8,1591,53.34197,-6.317348,2023-03
01-03-2023,3,D2,22,262,53.317868,-6.397531,2023-03
01-03-2023,3,D2,12,1007,53.321125,-6.317319,2023-03
01-03-2023,3,D2,6w,812,53.308329,-6.301888,2023-03
01-03-2023,3,D2,6,994,53.321452,-6.264349,2023-03
01-03-2023,3,D2,4,1432,53.328197,-6.22809,2023-03
01-03-2023,3,D2,24,139,53.285009,-6.37192,2023-03
01-03-2023,3,D2,16,143,53.281712,-6.284927,2023-03
01-03-2023,3,D2,18,67,53.263568,-6.153265,2023-03
01-04-2023,4,D2,20,453,53.350928,-6.368541,2023-04
01-04-2023,4,D2,8,1133,53.34197,-6.317348,2023-04
01-04-2023,4,D2,22,210,53.317868,-6.397531,2023-04
01-04-2023,4,D2,12,766,53.321125,-6.317319,2023-04
01-04-2023,4,D2,6w,623,53.308329,-6.301888,2023-04
01-04-2023,4,D2,6,788,53.321452,-6.264349,2023-04
01-04-2023,4,D2,4,1073,53.328197,-6.22809,2023-04
01-04-2023,4,D2,24,103,53.285009,-6.37192,2023-04
01-04-2023,4,D2,16,106,53.281712,-6.284927,2023-04
01-04-2023,4,D2,18,63,53.263568,-6.153265,2023-04
01-05-2023,5,D2,20,566,53.350928,-6.368541,2023-05
01-05-2023,5,D2,8,1357,53.34197,-6.317348,2023-05
01-05-2023,5,D2,22,240,53.317868,-6.397531,2023-05
01-05-2023,5,D2,12,873,53.321125,-6.317319,2023-05
01-05-2023,5,D2,6w,756,53.308329,-6.301888,2023-05
01-05-2023,5,D2,6,869,53.321452,-6.264349,2023-05
01-05-2023,5,D2,4,1219,53.328197,-6.22809,2023-05
01-05-2023,5,D2,24,129,53.285009,-6.37192,2023-05
01-05-2023,5,D2,16,144,53.281712,-6.284927,2023-05
01-05-2023,5,D2,18,56,53.263568,-6.153265,2023-05
01-06-2023,6,D2,20,560,53.350928,-6.368541,2023-06
01-06-2023,6,D2,8,1364,53.34197,-6.317348,2023-06
01-06-2023,6,D2,22,248,53.317868,-6.397531,2023-06
01-06-2023,6,D2,12,935,53.321125,-6.317319,2023-06
01-06-2023,6,D2,6w,807,53.308329,-6.301888,2023-06
01-06-2023,6,D2,6,862,53.321452,-6.264349,2023-06
01-06-2023,6,D2,4,1195,53.328197,-6.22809,2023-06
01-06-2023,6,D2,24,128,53.285009,-6.37192,2023-06
01-06-2023,6,D2,16,127,53.281712,-6.284927,2023-06
01-06-2023,6,D2,18,60,53.263568,-6.153265,2023-06
01-07-2023,7,D2,20,601,53.350928,-6.368541,2023-07
01-07-2023,7,D2,8,1514,53.34197,-6.317348,2023-07
01-07-2023,7,D2,22,254,53.317868,-6.397531,2023-07
01-07-2023,7,D2,12,927,53.321125,-6.317319,2023-07
01-07-2023,7,D2,6w,813,53.308329,-6.301888,2023-07
01-07-2023,7,D2,6,953,53.321452,-6.264349,2023-07
01-07-2023,7,D2,4,1323,53.328197,-6.22809,2023-07
01-07-2023,7,D2,24,141,53.285009,-6.37192,2023-07
01-07-2023,7,D2,16,130,53.281712,-6.284927,2023-07
01-07-2023,7,D2,18,66,53.263568,-6.153265,2023-07
01-08-2023,8,D2,20,590,53.350928,-6.368541,2023-08
01-08-2023,8,D2,8,1513,53.34197,-6.317348,2023-08
01-08-2023,8,D2,22,295,53.317868,-6.397531,2023-08
01-08-2023,8,D2,12,947,53.321125,-6.317319,2023-08
01-08-2023,8,D2,6w,793,53.308329,-6.301888,2023-08
01-08-2023,8,D2,6,931,53.321452,-6.264349,2023-08
01-08-2023,8,D2,4,1297,53.328197,-6.22809,2023-08
01-08-2023,8,D2,24,145,53.285009,-6.37192,2023-08
01-08-2023,8,D2,16,152,53.281712,-6.284927,2023-08
01-08-2023,8,D2,18,57,53.263568,-6.153265,2023-08
01-09-2023,9,D2,20,451,53.350928,-6.368541,2023-09
01-09-2023,9,D2,8,1288,53.34197,-6.317348,2023-09
01-09-2023,9,D2,22,186,53.317868,-6.397531,2023-09
01-09-2023,9,D2,12,814,53.321125,-6.317319,2023-09
01-09-2023,9,D2,6w,716,53.308329,-6.301888,2023-09
01-09-2023,9,D2,6,792,53.321452,-6.264349,2023-09
01-09-2023,9,D2,4,1150,53.328197,-6.22809,2023-09
01-09-2023,9,D2,24,118,53.285009,-6.37192,2023-09
01-09-2023,9,D2,16,94,53.281712,-6.284927,2023-09
01-09-2023,9,D2,18,59,53.263568,-6.153265,2023-09
01-10-2023,10,D2,20,453,53.350928,-6.368541,2023-10
01-10-2023,10,D2,8,1223,53.34197,-6.317348,2023-10
01-10-2023,10,D2,22,195,53.317868,-6.397531,2023-10
01-10-2023,10,D2,12,824,53.321125,-6.317319,2023-10
01-10-2023,10,D2,6w,628,53.308329,-6.301888,2023-10
01-10-2023,10,D2,6,754,53.321452,-6.264349,2023-10
01-10-2023,10,D2,4,1055,53.328197,-6.22809,2023-10
01-10-2023,10,D2,24,101,53.285009,-6.37192,2023-10
01-10-2023,10,D2,16,111,53.281712,-6.284927,2023-10
01-10-2023,10,D2,18,48,53.263568,-6.153265,2023-10
01-11-2023,11,D2,20,542,53.350928,-6.368541,2023-11
01-11-2023,11,D2,8,1354,53.34197,-6.317348,2023-11
01-11-2023,11,D2,22,246,53.317868,-6.397531,2023-11
01-11-2023,11,D2,12,905,53.321125,-6.317319,2023-11
01-11-2023,11,D2,6w,757,53.308329,-6.301888,2023-11
01-11-2023,11,D2,6,879,53.321452,-6.264349,2023-11
01-11-2023,11,D2,4,1251,53.328197,-6.22809,2023-11
01-11-2023,11,D2,24,126,53.285009,-6.37192,2023-11
01-11-2023,11,D2,16,128,53.281712,-6.284927,2023-11
01-11-2023,11,D2,18,67,53.263568,-6.153265,2023-11
01-12-2023,12,D2,20,740,53.350928,-6.368541,2023-12
01-12-2023,12,D2,8,1910,53.34197,-6.317348,2023-12
01-12-2023,12,D2,22,362,53.317868,-6.397531,2023-12
01-12-2023,12,D2,12,1229,53.321125,-6.317319,2023-12
01-12-2023,12,D2,6w,1091,53.308329,-6.301888,2023-12
01-12-2023,12,D2,6,1133,53.321452,-6.264349,2023-12
01-12-2023,12,D2,4,1752,53.328197,-6.22809,2023-12
01-12-2023,12,D2,24,150,53.285009,-6.37192,2023-12
01-12-2023,12,D2,16,171,53.281712,-6.284927,2023-12
01-12-2023,12,D2,18,83,53.263568,-6.153265,2023-12
01-01-2024,1,D2,20,454,53.350928,-6.368541,2024-01
01-01-2024,1,D2,8,1034,53.34197,-6.317348,2024-01
01-01-2024,1,D2,22,179,53.317868,-6.397531,2024-01
01-01-2024,1,D2,12,718,53.321125,-6.317319,2024-01
01-01-2024,1,D2,6w,576,53.308329,-6.301888,2024-01
01-01-2024,1,D2,6,661,53.321452,-6.264349,2024-01
01-01-2024,1,D2,4,958,53.328197,-6.22809,2024-01
01-01-2024,1,D2,24,96,53.285009,-6.37192,2024-01
01-01-2024,1,D2,16,107,53.281712,-6.284927,2024-01
01-01-2024,1,D2,18,55,53.263568,-6.153265,2024-01
01-02-2024,2,D2,20,467,53.350928,-6.368541,2024-02
01-02-2024,2,D2,8,1175,53.34197,-6.317348,2024-02
01-02-2024,2,D2,22,184,53.317868,-6.397531,2024-02
01-02-2024,2,D2,12,701,53.321125,-6.317319,2024-02
01-02-2024,2,D2,6w,598,53.308329,-6.301888,2024-02
01-02-2024,2,D2,6,761,53.321452,-6.264349,2024-02
01-02-2024,2,D2,4,1055,53.328197,-6.22809,2024-02
01-02-2024,2,D2,24,114,53.285009,-6.37192,2024-02
01-02-2024,2,D2,16,115,53.281712,-6.284927,2024-02
01-02-2024,2,D2,18,52,53.263568,-6.153265,2024-02
01-03-2024,3,D2,20,575,53.350928,-6.368541,2024-03
01-03-2024,3,D2,8,1481,53.34197,-6.317348,2024-03
01-03-2024,3,D2,22,268,53.317868,-6.397531,2024-03
01-03-2024,3,D2,12,920,53.321125,-6.317319,2024-03
01-03-2024,3,D2,6w,719,53.308329,-6.301888,2024-03
01-03-2024,3,D2,6,904,53.321452,-6.264349,2024-03
01-03-2024,3,D2,4,1249,53.328197,-6.22809,2024-03
01-03-2024,3,D2,24,117,53.285009,-6.37192,2024-03
01-03-2024,3,D2,16,123,53.281712,-6.284927,2024-03
01-03-2024,3,D2,18,65,53.263568,-6.153265,2024-03
01-04-2024,4,D2,20,518,53.350928,-6.368541,2024-04
01-04-2024,4,D2,8,1287,53.34197,-6.317348,2024-04
01-04-2024,4,D2,22,235,53.317868,-6.397531,2024-04
01-04-2024,4,D2,12,795,53.321125,-6.317319,2024-04
01-04-2024,4,D2,6w,700,53.308329,-6.301888,2024-04
01-04-2024,4,D2,6,797,53.321452,-6.264349,2024-04
01-04-2024,4,D2,4,1209,53.328197,-6.22809,2024-04
01-04-2024,4,D2,24,117,53.285009,-6.37192,2024-04
01-04-2024,4,D2,16,137,53.281712,-6.284927,2024-04
01-04-2024,4,D2,18,45,53.263568,-6.153265,2024-04
01-05-2024,5,D2,20,585,53.350928,-6.368541,2024-05
01-05-2024,5,D2,8,1420,53.34197,-6.317348,2024-05
01-05-2024,5,D2,22,238,53.317868,-6.397531,2024-05
01-05-2024,5,D2,12,880,53.321125,-6.317319,2024-05
01-05-2024,5,D2,6w,728,53.308329,-6.301888,2024-05
01-05-2024,5,D2,6,898,53.321452,-6.264349,2024-05
01-05-2024,5,D2,4,1268,53.328197,-6.22809,2024-05
01-05-2024,5,D2,24,134,53.285009,-6.37192,2024-05
01-05-2024,5,D2,16,120,53.281712,-6.284927,2024-05
01-05-2024,5,D2,18,68,53.263568,-6.153265,2024-05
01-06-2024,6,D2,20,597,53.350928,-6.368541,2024-06
01-06-2024,6,D2,8,1496,53.34197,-6.317348,2024-06
01-06-2024,6,D2,22,264,53.317868,-6.397531,2024-06
01-06-2024,6,D2,12,926,53.321125,-6.317319,2024-06
01-06-2024,6,D2,6w,769,53.308329,-6.301888,2024-06
01-06-2024,6,D2,6,904,53.321452,-6.264349,2024-06
01-06-2024,6,D2,4,1379,53.328197,-6.22809,2024-06
01-06-2024,6,D2,24,154,53.285009,-6.37192,2024-06
01-06-2024,6,D2,16,117,53.281712,-6.284927,2024-06
01-06-2024,6,D2,18,60,53.263568,-6.153265,2024-06
01-07-2024,7,D2,20,623,53.350928,-6.368541,2024-07
01-07-2024,7,D2,8,1583,53.34197,-6.317348,2024-07
01-07-2024,7,D2,22,288,53.317868,-6.397531,2024-07
01-07-2024,7,D2,12,1030,53.321125,-6.317319,2024-07
01-07-2024,7,D2,6w,874,53.308329,-6.301888,2024-07
01-07-2024,7,D2,6,1071,53.321452,-6.264349,2024-07
01-07-2024,7,D2,4,1416,53.328197,-6.22809,2024-07
01-07-2024,7,D2,24,146,53.285009,-6.37192,2024-07
01-07-2024,7,D2,16,126,53.281712,-6.284927,2024-07
01-07-2024,7,D2,18,72,53.263568,-6.153265,2024-07
01-08-2024,8,D2,20,686,53.350928,-6.368541,2024-08
01-08-2024,8,D2,8,1468,53.34197,-6.317348,2024-08
01-08-2024,8,D2,22,271,53.317868,-6.397531,2024-08
01-08-2024,8,D2,12,960,53.321125,-6.317319,2024-08
01-08-2024,8,D2,6w,887,53.308329,-6.301888,2024-08
01-08-2024,8,D2,6,935,53.321452,-6.264349,2024-08
01-08-2024,8,D2,4,1349,53.328197,-6.22809,2024-08
01-08-2024,8,D2,24,148,53.285009,-6.37192,2024-08
01-08-2024,8,D2,16,126,53.281712,-6.284927,2024-08
01-08-2024,8,D2,18,75,53.263568,-6.153265,2024-08
01-09-2024,9,D2,20,491,53.350928,-6.368541,2024-09
01-09-2024,9,D2,8,1297,53.34197,-6.317348,2024-09
01-09-2024,9,D2,22,244,53.317868,-6.397531,2024-09
01-09-2024,9,D2,12,849,53.321125,-6.317319,2024-09
01-09-2024,9,D2,6w,699,53.308329,-6.301888,2024-09
01-09-2024,9,D2,6,868,53.321452,-6.264349,2024-09
01-09-2024,9,D2,4,1217,53.328197,-6.22809,2024-09
01-09-2024,9,D2,24,131,53.285009,-6.37192,2024-09
01-09-2024,9,D2,16,132,53.281712,-6.284927,2024-09
01-09-2024,9,D2,18,70,53.263568,-6.153265,2024-09
01-10-2024,10,D2,20,552,53.350928,-6.368541,2024-10
01-10-2024,10,D2,8,1405,53.34197,-6.317348,2024-10
01-10-2024,10,D2,22,241,53.317868,-6.397531,2024-10
01-10-2024,10,D2,12,874,53.321125,-6.317319,2024-10
01-10-2024,10,D2,6w,709,53.308329,-6.301888,2024-10
01-10-2024,10,D2,6,876,53.321452,-6.264349,2024-10
01-10-2024,10,D2,4,1228,53.328197,-6.22809,2024-10
01-10-2024,10,D2,24,133,53.285009,-6.37192,2024-10
01-10-2024,10,D2,16,119,53.281712,-6.284927,2024-10
01-10-2024,10,D2,18,60,53.263568,-6.153265,2024-10
01-11-2024,11,D2,20,466,53.350928,-6.368541,2024-11
01-11-2024,11,D2,8,1171,53.34197,-6.317348,2024-11
01-11-2024,11,D2,22,199,53.317868,-6.397531,2024-11
01-11-2024,11,D2,12,754,53.321125,-6.317319,2024-11
01-11-2024,11,D2,6w,677,53.308329,-6.301888,2024-11
01-11-2024,11,D2,6,750,53.321452,-6.264349,2024-11
01-11-2024,11,D2,4,1050,53.328197,-6.22809,2024-11
01-11-2024,11,D2,24,127,53.285009,-6.37192,2024-11
01-11-2024,11,D2,16,115,53.281712,-6.284927,2024-11
01-11-2024,11,D2,18,62,53.263568,-6.153265,2024-11
01-12-2024,12,D2,20,881,53.350928,-6.368541,2024-12
01-12-2024,12,D2,8,2040,53.34197,-6.317348,2024-12
01-12-2024,12,D2,22,390,53.317868,-6.397531,2024-12
01-12-2024,12,D2,12,1331,53.321125,-6.317319,2024-12
01-12-2024,12,D2,6w,1131,53.308329,-6.301888,2024-12
01-12-2024,12,D2,6,1318,53.321452,-6.264349,2024-12
01-12-2024,12,D2,4,1959,53.328197,-6.22809,2024-12
01-12-2024,12,D2,24,187,53.285009,-6.37192,2024-12
01-12-2024,12,D2,16,214,53.281712,-6.284927,2024-12
01-12-2024,12,D2,18,90,53.263568,-6.153265,2024-12
01-01-2025,1,D2,20,483,53.350928,-6.368541,2025-01
01-01-2025,1,D2,8,1117,53.34197,-6.317348,2025-01
01-01-2025,1,D2,22,221,53.317868,-6.397531,2025-01
01-01-2025,1,D2,12,758,53.321125,-6.317319,2025-01
01-01-2025,1,D2,6w,633,53.308329,-6.301888,2025-01
01-01-2025,1,D2,6,742,53.321452,-6.264349,2025-01
01-01-2025,1,D2,4,1014,53.328197,-6.22809,2025-01
01-01-2025,1,D2,24,99,53.285009,-6.37192,2025-01
01-01-2025,1,D2,16,103,53.281712,-6.284927,2025-01
01-01-2025,1,D2,18,51,53.263568,-6.153265,2025-01
01-02-2025,2,D2,20,474,53.350928,-6.368541,2025-02
01-02-2025,2,D2,8,1220,53.34197,-6.317348,2025-02
01-02-2025,2,D2,22,246,53.317868,-6.397531,2025-02
01-02-2025,2,D2,12,795,53.321125,-6.317319,2025-02
01-02-2025,2,D2,6w,645,53.308329,-6.301888,2025-02
01-02-2025,2,D2,6,782,53.321452,-6.264349,2025-02
01-02-2025,2,D2,4,1130,53.328197,-6.22809,2025-02
01-02-2025,2,D2,24,111,53.285009,-6.37192,2025-02
01-02-2025,2,D2,16,92,53.281712,-6.284927,2025-02
01-02-2025,2,D2,18,55,53.263568,-6.153265,2025-02
01-03-2025,3,D2,20,656,53.350928,-6.368541,2025-03
01-03-2025,3,D2,8,1816,53.34197,-6.317348,2025-03
01-03-2025,3,D2,22,324,53.317868,-6.397531,2025-03
01-03-2025,3,D2,12,1026,53.321125,-6.317319,2025-03
01-03-2025,3,D2,6w,884,53.308329,-6.301888,2025-03
01-03-2025,3,D2,6,1064,53.321452,-6.264349,2025-03
01-03-2025,3,D2,4,1543,53.328197,-6.22809,2025-03
01-03-2025,3,D2,24,156,53.285009,-6.37192,2025-03
01-03-2025,3,D2,16,170,53.281712,-6.284927,2025-03
01-03-2025,3,D2,18,78,53.263568,-6.153265,2025-03
01-04-2025,4,D2,20,555,53.350928,-6.368541,2025-04
01-04-2025,4,D2,8,1345,53.34197,-6.317348,2025-04
01-04-2025,4,D2,22,251,53.317868,-6.397531,2025-04
01-04-2025,4,D2,12,891,53.321125,-6.317319,2025-04
01-04-2025,4,D2,6w,716,53.308329,-6.301888,2025-04
01-04-2025,4,D2,6,905,53.321452,-6.264349,2025-04
01-04-2025,4,D2,4,1275,53.328197,-6.22809,2025-04
01-04-2025,4,D2,24,136,53.285009,-6.37192,2025-04
01-04-2025,4,D2,16,130,53.281712,-6.284927,2025-04
01-04-2025,4,D2,18,59,53.263568,-6.153265,2025-04
01-05-2025,5,D2,20,618,53.350928,-6.368541,2025-05
01-05-2025,5,D2,8,1605,53.34197,-6.317348,2025-05
01-05-2025,5,D2,22,287,53.317868,-6.397531,2025-05
01-05-2025,5,D2,12,900,53.321125,-6.317319,2025-05
01-05-2025,5,D2,6w,819,53.308329,-6.301888,2025-05
01-05-2025,5,D2,6,954,53.321452,-6.264349,2025-05
01-05-2025,5,D2,4,1366,53.328197,-6.22809,2025-05
01-05-2025,5,D2,24,124,53.285009,-6.37192,2025-05
01-05-2025,5,D2,16,144,53.281712,-6.284927,2025-05
01-05-2025,5,D2,18,60,53.263568,-6.153265,2025-05
01-06-2025,6,D2,20,629,53.350928,-6.368541,2025-06
01-06-2025,6,D2,8,1424,53.34197,-6.317348,2025-06
01-06-2025,6,D2,22,289,53.317868,-6.397531,2025-06
01-06-2025,6,D2,12,990,53.321125,-6.317319,2025-06
01-06-2025,6,D2,6w,787,53.308329,-6.301888,2025-06
01-06-2025,6,D2,6,892,53.321452,-6.264349,2025-06
01-06-2025,6,D2,4,1375,53.328197,-6.22809,2025-06
01-06-2025,6,D2,24,133,53.285009,-6.37192,2025-06
01-06-2025,6,D2,16,125,53.281712,-6.284927,2025-06
01-06-2025,6,D2,18,77,53.263568,-6.153265,2025-06
01-07-2025,7,D2,20,738,53.350928,-6.368541,2025-07
01-07-2025,7,D2,8,1729,53.34197,-6.317348,2025-07
01-07-2025,7,D2,22,305,53.317868,-6.397531,2025-07
01-07-2025,7,D2,12,1073,53.321125,-6.317319,2025-07
01-07-2025,7,D2,6w,947,53.308329,-6.301888,2025-07
01-07-2025,7,D2,6,1113,53.321452,-6.264349,2025-07
01-07-2025,7,D2,4,1647,53.328197,-6.22809,2025-07
01-07-2025,7,D2,24,165,53.285009,-6.37192,2025-07
01-07-2025,7,D2,16,171,53.281712,-6.284927,2025-07
01-07-2025,7,D2,18,91,53.263568,-6.153265,2025-07
01-08-2025,8,D2,20,633,53.350928,-6.368541,2025-08
01-08-2025,8,D2,8,1526,53.34197,-6.317348,2025-08
01-08-2025,8,D2,22,293,53.317868,-6.397531,2025-08
01-08-2025,8,D2,12,962,53.321125,-6.317319,2025-08
01-08-2025,8,D2,6w,828,53.308329,-6.301888,2025-08
01-08-2025,8,D2,6,961,53.321452,-6.264349,2025-08
01-08-2025,8,D2,4,1394,53.328197,-6.22809,2025-08
01-08-2025,8,D2,24,119,53.285009,-6.37192,2025-08
01-08-2025,8,D2,16,137,53.281712,-6.284927,2025-08
01-08-2025,8,D2,18,73,53.263568,-6.153265,2025-08
01-09-2025,9,D2,20,567,53.350928,-6.368541,2025-09
01-09-2025,9,D2,8,1334,53.34197,-6.317348,2025-09
01-09-2025,9,D2,22,225,53.317868,-6.397531,2025-09
01-09-2025,9,D2,12,865,53.321125,-6.317319,2025-09
01-09-2025,9,D2,6w,726,53.308329,-6.301888,2025-09
01-09-2025,9,D2,6,822,53.321452,-6.264349,2025-09
01-09-2025,9,D2,4,1235,53.328197,-6.22809,2025-09
01-09-2025,9,D2,24,126,53.285009,-6.37192,2025-09
01-09-2025,9,D2,16,115,53.281712,-6.284927,2025-09
01-09-2025,9,D2,18,60,53.263568,-6.153265,2025-09
